title,product_type,size,size_factor,pathway,tailored,natural_dye,dye_type,gsm,metres_per_unit,fabric_kg_per_unit,E_transport,E_electricity,E_water,E_tailoring,E_total_kg_co2e,avoided_kg_co2e
Recomposed Tang Jacket (Huchang-Red),Blouse,F,1.0,A,Yes,Yes,Huchang-Red,160,1.3,0.1976,0.9846,0.163,0.00082,0.166,1.3144,0
Loomline Utility Jacket in Huchang-Red,Shirt,F,1.0,A,Yes,Yes,Huchang-Red,160,1.3,0.1976,0.9846,0.163,0.00082,0.166,1.3144,0
Loomline Utility Jacket in Ebony Gray,Shirt,F,1.0,A,Yes,Yes,Ebony,160,1.3,0.1976,0.9846,0.163,0.00082,0.166,1.3144,0
Batwing Cropped Blouse in Buak Blue Patchwork,Tank Top,F,1.0,A,Yes,Yes,Buak/Indigo,100,0.6,0.057,0.2840,0.047,0.00024,0.0479,0.3791,0
Batwing Cropped Blouse in Buak Blue Patchwork,Tank Top,L+2,1.15,A,Yes,Yes,Buak/Indigo,100,0.69,0.0655,0.3264,0.054,0.00027,0.055,0.4357,0
Batwing Cropped Blouse in Lac Pink Patchwork,Tank Top,F,1.0,A,Yes,Yes,Lac,100,0.6,0.057,0.2840,0.047,0.00024,0.0479,0.3791,0
Batwing Cropped Blouse in Lac Pink Patchwork,Tank Top,L+2,1.15,A,Yes,Yes,Lac,100,0.69,0.0655,0.3264,0.054,0.00027,0.055,0.4357,0
Kimono Shortsleeved Blouse in Applique,Top,F,1.0,A,Yes,No,Undyed,130,1.0,0.1235,0.6154,0.1019,0,0.1037,0.8210,0
Kimono Shortsleeved Blouse in Lac Pink/Ebony Gray,Top,F,1.0,A,Yes,Yes,Ebony,130,1.0,0.1235,0.6154,0.1019,0.00051,0.1037,0.8215,0
Kimono Shortsleeved Blouse in Closed-Loop Buak Blue,Top,F,1.0,B,Yes,Yes,Buak/Indigo,100,1.0,0.095,0.4734,0.0784,0.00039,0.0798,0.6320,0.1035
Kimono Shortsleeved Blouse in Buak Blue/Natural Brown,Top,F,1.0,A,Yes,No,Natural,130,1.0,0.1235,0.6154,0.1019,0,0.1037,0.8210,0
Kimono Shortsleeved Blouse in Lac Pink Patchwork,Top,F,1.0,A,Yes,Yes,Lac,130,1.0,0.1235,0.6154,0.1019,0.00051,0.1037,0.8215,0
Kimono Shortsleeved Blouse in Buak Blue Patchwork,Top,F,1.0,A,Yes,Yes,Buak/Indigo,130,1.0,0.1235,0.6154,0.1019,0.00051,0.1037,0.8215,0
Aunty Plian's Light Scarf Blue/Yellow,Scarf,F,1.0,A,No,Yes,Enmon,100,0.9,0.0855,0.4260,0.0705,0.00035,0,0.4969,0
Aunty Plian's Turtle Shell Scarf White/Blue,Scarf,F,1.0,A,No,Yes,Indigo/Buak,100,0.9,0.0855,0.4260,0.0705,0.00035,0,0.4969,0
Aunty Plian's Turtle Shell Scarf Blue/Brown,Scarf,F,1.0,A,No,Yes,Indigo/Buak,100,0.9,0.0855,0.4260,0.0705,0.00035,0,0.4969,0
Aunty Plian's Turtle Shell Scarf Brown/Blue,Scarf,F,1.0,A,No,Yes,Indigo/Buak,100,0.9,0.0855,0.4260,0.0705,0.00035,0,0.4969,0
Aunty Plian's Turtle Shell Scarf Brown/White,Scarf,F,1.0,A,No,No,Undyed,100,0.9,0.0855,0.4260,0.0705,0,0,0.4965,0
Aunty Plian's Light Scarf Blue/Orange,Scarf,F,1.0,A,No,Yes,Mixed dye,100,0.9,0.0855,0.4260,0.0705,0.00035,0,0.4969,0
Aunty Plian's Light Scarf Taupe/Yellow,Scarf,F,1.0,A,No,Yes,Enmon,100,0.9,0.0855,0.4260,0.0705,0.00035,0,0.4969,0
Aunty Plian's Light Scarf Yellow/White,Scarf,F,1.0,A,No,No,Undyed,100,0.9,0.0855,0.4260,0.0705,0,0,0.4965,0
Aunty Plian's Turtle Shell Scarf Blue/Brown II,Scarf,F,1.0,A,No,Yes,Indigo/Buak,100,0.9,0.0855,0.4260,0.0705,0.00035,0,0.4969,0
Aunty Plian's Light Scarf Blue/Yellow/Indigo,Scarf,F,1.0,A,No,Yes,Enmon,100,0.9,0.0855,0.4260,0.0705,0.00035,0,0.4969,0
Aunty Plian's Light Scarf Yellow/Taupe,Scarf,F,1.0,A,No,Yes,Mixed dye,100,0.9,0.0855,0.4260,0.0705,0.00035,0,0.4969,0
Aunty Plian's Light Scarf Indigo/Taupe,Scarf,F,1.0,A,No,Yes,Indigo,100,0.9,0.0855,0.4260,0.0705,0.00035,0,0.4969,0
Aunty Plian's Light Scarf Blue/Yellow/Taupe,Scarf,F,1.0,A,No,Yes,Enmon,100,0.9,0.0855,0.4260,0.0705,0.00035,0,0.4969,0
Men's Mandarin Collar Long Sleeve Shirt in Natural Brown,Shirt,S,0.88,A,Yes,No,Natural,160,1.144,0.1739,0.8665,0.1435,0,0.1461,1.1561,0
Men's Mandarin Collar Long Sleeve Shirt in Natural Brown,Shirt,M,1.0,A,Yes,No,Natural,160,1.3,0.1976,0.9846,0.163,0,0.166,1.3136,0
Men's Mandarin Collar Long Sleeve Shirt in Natural Brown,Shirt,L,1.1,A,Yes,No,Natural,160,1.43,0.2174,1.0833,0.1793,0,0.1826,1.4452,0
Men's Mandarin Collar Long Sleeve Shirt in Natural Brown,Shirt,XL,1.2,A,Yes,No,Natural,160,1.56,0.2371,1.1815,0.1956,0,0.1992,1.5763,0
Men's Mandarin Collar Short Sleeve Shirt NNB in  Natural Brown,Shirt,S,0.88,A,Yes,No,Natural,160,1.144,0.1739,0.8665,0.1435,0,0.1461,1.1561,0
Men's Mandarin Collar Short Sleeve Shirt NNB in  Natural Brown,Shirt,M,1.0,A,Yes,No,Natural,160,1.3,0.1976,0.9846,0.163,0,0.166,1.3136,0
Men's Mandarin Collar Short Sleeve Shirt NNB in  Natural Brown,Shirt,L,1.1,A,Yes,No,Natural,160,1.43,0.2174,1.0833,0.1793,0,0.1826,1.4452,0
Men's Mandarin Collar Short Sleeve Shirt NNB in  Natural Brown,Shirt,XL,1.2,A,Yes,No,Natural,160,1.56,0.2371,1.1815,0.1956,0,0.1992,1.5763,0
Men's Mandarin Collar Short Sleeve Shirt NNB in Dark Ebony,Shirt,S,0.88,A,Yes,Yes,Ebony,160,1.144,0.1739,0.8665,0.1435,0.00072,0.1461,1.1568,0
Men's Mandarin Collar Short Sleeve Shirt NNB in Dark Ebony,Shirt,M,1.0,A,Yes,Yes,Ebony,160,1.3,0.1976,0.9846,0.163,0.00082,0.166,1.3144,0
Men's Mandarin Collar Short Sleeve Shirt NNB in Dark Ebony,Shirt,L,1.1,A,Yes,Yes,Ebony,160,1.43,0.2174,1.0833,0.1793,0.0009,0.1826,1.4461,0
Men's Mandarin Collar Short Sleeve Shirt NNB in Dark Ebony,Shirt,XL,1.2,A,Yes,Yes,Ebony,160,1.56,0.2371,1.1815,0.1956,0.00098,0.1992,1.5773,0
Men's Relaxed-fit Blazer in  Natural White Indigo,jackets,S,0.88,A,Yes,No,Undyed,225,1.848,0.395,1.9683,0.3258,0,0.3318,2.6259,0
Men's Relaxed-fit Blazer in  Natural White Indigo,jackets,M,1.0,A,Yes,No,Undyed,225,2.1,0.4489,2.2369,0.3703,0,0.3771,2.9843,0
Men's Relaxed-fit Blazer in  Natural White Indigo,jackets,L,1.1,A,Yes,No,Undyed,225,2.31,0.4938,2.4606,0.4073,0,0.4148,3.2827,0
Men's Relaxed-fit Blazer in  Natural White Indigo,jackets,XL,1.2,A,Yes,No,Undyed,225,2.52,0.5387,2.6843,0.4444,0,0.4525,3.5812,0
Iconic Cuban Collar Jacket (Genderless) in Dark Brown Buak,Shirt,S,0.88,A,Yes,Yes,Buak/Indigo,160,1.144,0.1739,0.8665,0.1435,0.00072,0.1461,1.1568,0
Iconic Cuban Collar Jacket (Genderless) in Dark Brown Buak,Shirt,M,1.0,A,Yes,Yes,Buak/Indigo,160,1.3,0.1976,0.9846,0.163,0.00082,0.166,1.3144,0
Iconic Cuban Collar Jacket (Genderless) in Dark Brown Buak,Shirt,L,1.1,A,Yes,Yes,Buak/Indigo,160,1.43,0.2174,1.0833,0.1793,0.0009,0.1826,1.4461,0
Iconic Cuban Collar Jacket (Genderless) in Dark Brown Buak,Shirt,XL,1.2,A,Yes,Yes,Buak/Indigo,160,1.56,0.2371,1.1815,0.1956,0.00098,0.1992,1.5773,0
Men's Mandarin Collar Short Sleeve Shirt NNB in  Natural White,Shirt,S,0.88,A,Yes,No,Undyed,160,1.144,0.1739,0.8665,0.1435,0,0.1461,1.1561,0
Men's Mandarin Collar Short Sleeve Shirt NNB in  Natural White,Shirt,M,1.0,A,Yes,No,Undyed,160,1.3,0.1976,0.9846,0.163,0,0.166,1.3136,0
Men's Mandarin Collar Short Sleeve Shirt NNB in  Natural White,Shirt,L,1.1,A,Yes,No,Undyed,160,1.43,0.2174,1.0833,0.1793,0,0.1826,1.4452,0
Men's Mandarin Collar Short Sleeve Shirt NNB in  Natural White,Shirt,XL,1.2,A,Yes,No,Undyed,160,1.56,0.2371,1.1815,0.1956,0,0.1992,1.5763,0
Men's Mandarin Collar Long Sleeve Shirt in Natural White,Shirt,S,0.88,A,Yes,No,Undyed,160,1.144,0.1739,0.8665,0.1435,0,0.1461,1.1561,0
Men's Mandarin Collar Long Sleeve Shirt in Natural White,Shirt,M,1.0,A,Yes,No,Undyed,160,1.3,0.1976,0.9846,0.163,0,0.166,1.3136,0
Men's Mandarin Collar Long Sleeve Shirt in Natural White,Shirt,L,1.1,A,Yes,No,Undyed,160,1.43,0.2174,1.0833,0.1793,0,0.1826,1.4452,0
Men's Mandarin Collar Long Sleeve Shirt in Natural White,Shirt,XL,1.2,A,Yes,No,Undyed,160,1.56,0.2371,1.1815,0.1956,0,0.1992,1.5763,0
Roundneck Shortsleeve Shirt,Shirt,S,0.88,A,Yes,No,Undyed,160,1.144,0.1739,0.8665,0.1435,0,0.1461,1.1561,0
Roundneck Shortsleeve Shirt,Shirt,M,1.0,A,Yes,No,Undyed,160,1.3,0.1976,0.9846,0.163,0,0.166,1.3136,0
Roundneck Shortsleeve Shirt,Shirt,L,1.1,A,Yes,No,Undyed,160,1.43,0.2174,1.0833,0.1793,0,0.1826,1.4452,0
Roundneck Shortsleeve Shirt,Shirt,XL,1.2,A,Yes,No,Undyed,160,1.56,0.2371,1.1815,0.1956,0,0.1992,1.5763,0
Roundneck Longsleeve Shirt,Shirt,M,1.0,A,Yes,No,Undyed,160,1.3,0.1976,0.9846,0.163,0,0.166,1.3136,0
Roundneck Longsleeve Shirt,Shirt,L,1.1,A,Yes,No,Undyed,160,1.43,0.2174,1.0833,0.1793,0,0.1826,1.4452,0
Roundneck Longsleeve Shirt,Shirt,XL,1.2,A,Yes,No,Undyed,160,1.56,0.2371,1.1815,0.1956,0,0.1992,1.5763,0
Tuck Shorts (Genderless) in Ebony,Trousers,S,0.88,A,Yes,Yes,Ebony,160,2.464,0.3745,1.8661,0.3089,0.00155,0.3146,2.4912,0
Tuck Shorts (Genderless) in Ebony,Trousers,M,1.0,A,Yes,Yes,Ebony,160,2.8,0.4256,2.1208,0.3511,0.00176,0.3575,2.8312,0
Tuck Shorts (Genderless) in Ebony,Trousers,L,1.1,A,Yes,Yes,Ebony,160,3.08,0.4682,2.3330,0.3862,0.00193,0.3933,3.1144,0
Tuck Shorts (Genderless) in Ebony,Trousers,XL,1.2,A,Yes,Yes,Ebony,160,3.36,0.5107,2.5448,0.4213,0.00211,0.429,3.3972,0
Tuck Shorts (Genderless) in Ebony Buak,Trousers,S,0.88,A,Yes,Yes,Ebony,160,2.464,0.3745,1.8661,0.3089,0.00155,0.3146,2.4912,0
Tuck Shorts (Genderless) in Ebony Buak,Trousers,M,1.0,A,Yes,Yes,Ebony,160,2.8,0.4256,2.1208,0.3511,0.00176,0.3575,2.8312,0
Tuck Shorts (Genderless) in Ebony Buak,Trousers,L,1.1,A,Yes,Yes,Ebony,160,3.08,0.4682,2.3330,0.3862,0.00193,0.3933,3.1144,0
Tuck Shorts (Genderless) in Ebony Buak,Trousers,XL,1.2,A,Yes,Yes,Ebony,160,3.36,0.5107,2.5448,0.4213,0.00211,0.429,3.3972,0
Men's Relaxed-fit Blazer in Ebony/Buak Blue,jackets,S,0.88,A,Yes,Yes,Ebony,225,1.848,0.395,1.9683,0.3258,0.00163,0.3318,2.6275,0
Men's Relaxed-fit Blazer in Ebony/Buak Blue,jackets,M,1.0,A,Yes,Yes,Ebony,225,2.1,0.4489,2.2369,0.3703,0.00185,0.3771,2.9861,0
Men's Relaxed-fit Blazer in Ebony/Buak Blue,jackets,L,1.1,A,Yes,Yes,Ebony,225,2.31,0.4938,2.4606,0.4073,0.00204,0.4148,3.2847,0
Men's Relaxed-fit Blazer in Ebony/Buak Blue,jackets,XL,1.2,A,Yes,Yes,Ebony,225,2.52,0.5387,2.6843,0.4444,0.00222,0.4525,3.5834,0
Men's Relaxed-fit Blazer in Ebony,jackets,S,0.88,A,Yes,Yes,Ebony,225,1.848,0.395,1.9683,0.3258,0.00163,0.3318,2.6275,0
Men's Relaxed-fit Blazer in Ebony,jackets,M,1.0,A,Yes,Yes,Ebony,225,2.1,0.4489,2.2369,0.3703,0.00185,0.3771,2.9861,0
Men's Relaxed-fit Blazer in Ebony,jackets,L,1.1,A,Yes,Yes,Ebony,225,2.31,0.4938,2.4606,0.4073,0.00204,0.4148,3.2847,0
Men's Relaxed-fit Blazer in Ebony,jackets,XL,1.2,A,Yes,Yes,Ebony,225,2.52,0.5387,2.6843,0.4444,0.00222,0.4525,3.5834,0
Khunloei's Shawls - Jae Yor in Ebony,Scarf,F,1.0,A,No,Yes,Ebony,100,0.9,0.0855,0.4260,0.0705,0.00035,0,0.4969,0
Khunloei's Shawls - Jae Yor in Lac Pink,Scarf,F,1.0,A,No,Yes,Lac,100,0.9,0.0855,0.4260,0.0705,0.00035,0,0.4969,0
Dolman Shirt (Pre-order),Blouse,M,1.0,A,Yes,Yes,Huchang-Red,160,1.3,0.1976,0.9846,0.163,0.00082,0.166,1.3144,0
R-Muay Button Blouse (Copy),Blouse,M,1.0,A,Yes,No,Undyed,160,1.3,0.1976,0.9846,0.163,0,0.166,1.3136,0
R-Muay Button Blouse (Copy),Blouse,L,1.1,A,Yes,No,Undyed,160,1.43,0.2174,1.0833,0.1793,0,0.1826,1.4452,0
R-Muay Button Blouse (Copy),Blouse,XL,1.2,A,Yes,No,Undyed,160,1.56,0.2371,1.1815,0.1956,0,0.1992,1.5763,0
Batwing Cropped Blouse Ebony,Tank Top,F,1.0,A,Yes,Yes,Ebony,100,0.6,0.057,0.2840,0.047,0.00024,0.0479,0.3791,0
Batwing Cropped Blouse Ebony,Tank Top,L+2,1.15,A,Yes,Yes,Ebony,100,0.69,0.0655,0.3264,0.054,0.00027,0.055,0.4357,0
Three-quarter Drawstring Pants in Ebony/Buak,Pants,M,1.0,A,Yes,Yes,Ebony,160,2.0,0.304,1.5148,0.2508,0.00125,0.2554,2.0223,0
Three-quarter Drawstring Pants in Ebony/Buak,Pants,L,1.1,A,Yes,Yes,Ebony,160,2.2,0.3344,1.6663,0.2758,0.00138,0.2809,2.2244,0
Three-quarter Drawstring Pants in Enmon,Pants,M,1.0,A,Yes,Yes,Enmon,160,2.0,0.304,1.5148,0.2508,0.00125,0.2554,2.0223,0
Three-quarter Drawstring Pants in Enmon,Pants,L,1.1,A,Yes,Yes,Enmon,160,2.2,0.3344,1.6663,0.2758,0.00138,0.2809,2.2244,0
Tuck Trousers (Women's) in Ebony Brown,Trousers,S,0.88,A,Yes,Yes,Ebony,160,2.464,0.3745,1.8661,0.3089,0.00155,0.3146,2.4912,0
Tuck Trousers (Women's) in Ebony Brown,Trousers,M,1.0,A,Yes,Yes,Ebony,160,2.8,0.4256,2.1208,0.3511,0.00176,0.3575,2.8312,0
Tuck Trousers (Women's) in Ebony Brown,Trousers,L,1.1,A,Yes,Yes,Ebony,160,3.08,0.4682,2.3330,0.3862,0.00193,0.3933,3.1144,0
Tuck Trousers (Women's) in Ebony Brown,Trousers,XL,1.2,A,Yes,Yes,Ebony,160,3.36,0.5107,2.5448,0.4213,0.00211,0.429,3.3972,0
Tuck Trousers (Women's) in Natural Brown,Trousers,S,0.88,A,Yes,No,Natural,160,2.464,0.3745,1.8661,0.3089,0,0.3146,2.4896,0
Tuck Trousers (Women's) in Natural Brown,Trousers,M,1.0,A,Yes,No,Natural,160,2.8,0.4256,2.1208,0.3511,0,0.3575,2.8294,0
Tuck Trousers (Women's) in Natural Brown,Trousers,L,1.1,A,Yes,No,Natural,160,3.08,0.4682,2.3330,0.3862,0,0.3933,3.1125,0
Tuck Trousers (Women's) in Natural Brown,Trousers,XL,1.2,A,Yes,No,Natural,160,3.36,0.5107,2.5448,0.4213,0,0.429,3.3951,0
Side Pleat Pegged Trousers in Ebony Brown,Trousers,M,1.0,A,Yes,Yes,Ebony,160,2.8,0.4256,2.1208,0.3511,0.00176,0.3575,2.8312,0
Side Pleat Pegged Trousers in Ebony Brown,Trousers,L,1.1,A,Yes,Yes,Ebony,160,3.08,0.4682,2.3330,0.3862,0.00193,0.3933,3.1144,0
Side Pleat Pegged Trousers in Natural Brown,Trousers,M,1.0,A,Yes,No,Natural,160,2.8,0.4256,2.1208,0.3511,0,0.3575,2.8294,0
Side Pleat Pegged Trousers in Natural Brown,Trousers,L,1.1,A,Yes,No,Natural,160,3.08,0.4682,2.3330,0.3862,0,0.3933,3.1125,0
Semi-wide String Jogger Pants in Ebony,Trousers,M,1.0,A,Yes,Yes,Ebony,160,2.8,0.4256,2.1208,0.3511,0.00176,0.3575,2.8312,0
Semi-wide String Jogger Pants in Ebony,Trousers,L,1.1,A,Yes,Yes,Ebony,160,3.08,0.4682,2.3330,0.3862,0.00193,0.3933,3.1144,0
Cropped Loose Trousers in Natural Brown,Trousers,M,1.0,A,Yes,No,Natural,160,2.8,0.4256,2.1208,0.3511,0,0.3575,2.8294,0
Cropped Loose Trousers in Natural Brown,Trousers,L,1.1,A,Yes,No,Natural,160,3.08,0.4682,2.3330,0.3862,0,0.3933,3.1125,0
The New Blazer in 102 Natural Brown,jackets,S,0.88,A,Yes,No,Natural,225,1.848,0.395,1.9683,0.3258,0,0.3318,2.6259,0
The New Blazer in 102 Natural Brown,jackets,M,1.0,A,Yes,No,Natural,225,2.1,0.4489,2.2369,0.3703,0,0.3771,2.9843,0
The New Blazer in 102 Natural Brown,jackets,L,1.1,A,Yes,No,Natural,225,2.31,0.4938,2.4606,0.4073,0,0.4148,3.2827,0
The New Blazer in 102 Natural Brown,jackets,XL,1.2,A,Yes,No,Natural,225,2.52,0.5387,2.6843,0.4444,0,0.4525,3.5812,0
Genderless Yukata in Natural Brown,Shirt,S,0.88,A,Yes,No,Natural,160,1.144,0.1739,0.8665,0.1435,0,0.1461,1.1561,0
Genderless Yukata in Natural Brown,Shirt,M,1.0,A,Yes,No,Natural,160,1.3,0.1976,0.9846,0.163,0,0.166,1.3136,0
Genderless Yukata in Natural Brown,Shirt,L,1.1,A,Yes,No,Natural,160,1.43,0.2174,1.0833,0.1793,0,0.1826,1.4452,0
Cardigan in Ebony Brown,Blouse,F,1.0,A,Yes,Yes,Ebony,160,1.3,0.1976,0.9846,0.163,0.00082,0.166,1.3144,0
Cropped Top in Natural Brown,Top,M,1.0,A,Yes,No,Natural,130,1.0,0.1235,0.6154,0.1019,0,0.1037,0.8210,0
Cropped Top in Natural Brown,Top,L,1.1,A,Yes,No,Natural,130,1.1,0.1358,0.6767,0.112,0,0.1141,0.9028,0
Cropped Top in Natural Brown,Top,XL,1.2,A,Yes,No,Natural,130,1.2,0.1482,0.7385,0.1223,0,0.1245,0.9853,0
Loomline Cropped Tank Top in Natural Brown,Tank Top,S,0.88,A,Yes,No,Natural,100,0.528,0.0502,0.2501,0.0414,0,0.0422,0.3337,0
Loomline Cropped Tank Top in Natural Brown,Tank Top,M,1.0,A,Yes,No,Natural,100,0.6,0.057,0.2840,0.047,0,0.0479,0.3789,0
Loomline Cropped Tank Top in Natural Brown,Tank Top,L,1.1,A,Yes,No,Natural,100,0.66,0.0627,0.3124,0.0517,0,0.0527,0.4168,0
Loomline Cropped Tank Top in Natural Brown,Tank Top,XL,1.2,A,Yes,No,Natural,100,0.72,0.0684,0.3408,0.0564,0,0.0575,0.4547,0
Loomline Cropped Tank Top in Natural Brown,Tank Top,XXL,1.3,A,Yes,No,Natural,100,0.78,0.0741,0.3692,0.0611,0,0.0622,0.4925,0
Barrel-leg Trousers in White Indigo,Trousers,S,0.88,A,Yes,Yes,Indigo,160,2.464,0.3745,1.8661,0.3089,0.00155,0.3146,2.4912,0
Barrel-leg Trousers in White Indigo,Trousers,M,1.0,A,Yes,Yes,Indigo,160,2.8,0.4256,2.1208,0.3511,0.00176,0.3575,2.8312,0
Barrel-leg Trousers in White Indigo,Trousers,L,1.1,A,Yes,Yes,Indigo,160,3.08,0.4682,2.3330,0.3862,0.00193,0.3933,3.1144,0
Barrel-leg Trousers in White Indigo,Trousers,XL,1.2,A,Yes,Yes,Indigo,160,3.36,0.5107,2.5448,0.4213,0.00211,0.429,3.3972,0
Cropped Tank Tops in Natural Brown,Tank Top,M,1.0,A,Yes,No,Natural,100,0.6,0.057,0.2840,0.047,0,0.0479,0.3789,0
Cropped Tank Tops in Natural Brown,Tank Top,L,1.1,A,Yes,No,Natural,100,0.66,0.0627,0.3124,0.0517,0,0.0527,0.4168,0
Cropped Tank Tops in Natural Brown,Tank Top,XL,1.2,A,Yes,No,Natural,100,0.72,0.0684,0.3408,0.0564,0,0.0575,0.4547,0
Tie-up Cap Sleeve Blouse in Natural White,Shirt,S,0.88,A,Yes,No,Undyed,160,1.144,0.1739,0.8665,0.1435,0,0.1461,1.1561,0
Tie-up Cap Sleeve Blouse in Natural White,Shirt,M,1.0,A,Yes,No,Undyed,160,1.3,0.1976,0.9846,0.163,0,0.166,1.3136,0
Tie-up Cap Sleeve Blouse in Natural White,Shirt,L,1.1,A,Yes,No,Undyed,160,1.43,0.2174,1.0833,0.1793,0,0.1826,1.4452,0
Tie-up Cap Sleeve Blouse in Natural White,Shirt,XL,1.2,A,Yes,No,Undyed,160,1.56,0.2371,1.1815,0.1956,0,0.1992,1.5763,0
Loomline Barrel-leg Trousers in Natural Brown,Trousers,S,0.88,A,Yes,No,Natural,160,2.464,0.3745,1.8661,0.3089,0,0.3146,2.4896,0
Loomline Barrel-leg Trousers in Natural Brown,Trousers,M,1.0,A,Yes,No,Natural,160,2.8,0.4256,2.1208,0.3511,0,0.3575,2.8294,0
Loomline Barrel-leg Trousers in Natural Brown,Trousers,L,1.1,A,Yes,No,Natural,160,3.08,0.4682,2.3330,0.3862,0,0.3933,3.1125,0
Loomline Barrel-leg Trousers in Natural Brown,Trousers,XL,1.2,A,Yes,No,Natural,160,3.36,0.5107,2.5448,0.4213,0,0.429,3.3951,0
Loomline Batwing Cropped Blouse in Natural White,Top,F,1.0,A,Yes,No,Undyed,130,1.0,0.1235,0.6154,0.1019,0,0.1037,0.8210,0
Loomline Barrel-leg Trousers in Natural White,Trousers,S,0.88,A,Yes,No,Undyed,160,2.464,0.3745,1.8661,0.3089,0,0.3146,2.4896,0
Loomline Barrel-leg Trousers in Natural White,Trousers,M,1.0,A,Yes,No,Undyed,160,2.8,0.4256,2.1208,0.3511,0,0.3575,2.8294,0
Loomline Barrel-leg Trousers in Natural White,Trousers,L,1.1,A,Yes,No,Undyed,160,3.08,0.4682,2.3330,0.3862,0,0.3933,3.1125,0
Loomline Barrel-leg Trousers in Natural White,Trousers,XL,1.2,A,Yes,No,Undyed,160,3.36,0.5107,2.5448,0.4213,0,0.429,3.3951,0
Looped Polo Shirt in Deep Indigo,Shirt,M,1.0,A,Yes,Yes,Indigo,160,1.3,0.1976,0.9846,0.163,0.00082,0.166,1.3144,0
Looped Polo Shirt in Deep Indigo,Shirt,L,1.1,A,Yes,Yes,Indigo,160,1.43,0.2174,1.0833,0.1793,0.0009,0.1826,1.4461,0
Looped Polo Shirt in Deep Indigo,Shirt,XL,1.2,A,Yes,Yes,Indigo,160,1.56,0.2371,1.1815,0.1956,0.00098,0.1992,1.5773,0
R-Muay Button Blouse B/W,Blouse,M,1.0,A,Yes,Yes,Ebony/White,160,1.3,0.1976,0.9846,0.163,0.00082,0.166,1.3144,0
R-Muay Button Blouse B/W,Blouse,L,1.1,A,Yes,Yes,Ebony/White,160,1.43,0.2174,1.0833,0.1793,0.0009,0.1826,1.4461,0
R-Muay Button Blouse B/W,Blouse,XL,1.2,A,Yes,Yes,Ebony/White,160,1.56,0.2371,1.1815,0.1956,0.00098,0.1992,1.5773,0
Closed-loop Longsleeve Light Blouse in Natural Brown,Shirt,S,0.88,B,Yes,No,Natural,130,1.144,0.1413,0.7041,0.1166,0,0.1187,0.9394,0.1539
Closed-loop Longsleeve Light Blouse in Natural Brown,Shirt,M,1.0,B,Yes,No,Natural,130,1.3,0.1605,0.7998,0.1324,0,0.1348,1.0670,0.1748
Closed-loop Longsleeve Light Blouse in Natural Brown,Shirt,L,1.1,B,Yes,No,Natural,130,1.43,0.1766,0.8800,0.1457,0,0.1483,1.1740,0.1923
Closed-loop Longsleeve Light Blouse in Natural Brown,Shirt,XL,1.2,B,Yes,No,Natural,130,1.56,0.1927,0.9602,0.159,0,0.1619,1.2811,0.2099
Tuck Trousers (Genderless) in Deep Indigo,Trousers,S,0.88,A,Yes,Yes,Indigo,160,2.464,0.3745,1.8661,0.3089,0.00155,0.3146,2.4912,0
Tuck Trousers (Genderless) in Deep Indigo,Trousers,M,1.0,A,Yes,Yes,Indigo,160,2.8,0.4256,2.1208,0.3511,0.00176,0.3575,2.8312,0
Tuck Trousers (Genderless) in Deep Indigo,Trousers,L,1.1,A,Yes,Yes,Indigo,160,3.08,0.4682,2.3330,0.3862,0.00193,0.3933,3.1144,0
Tuck Trousers (Genderless) in Deep Indigo,Trousers,XL,1.2,A,Yes,Yes,Indigo,160,3.36,0.5107,2.5448,0.4213,0.00211,0.429,3.3972,0
Shortsleeve Loose Blouse,Shirt,S,0.88,A,Yes,No,Undyed,160,1.144,0.1739,0.8665,0.1435,0,0.1461,1.1561,0
Shortsleeve Loose Blouse,Shirt,M,1.0,A,Yes,No,Undyed,160,1.3,0.1976,0.9846,0.163,0,0.166,1.3136,0
Shortsleeve Loose Blouse,Shirt,L,1.1,A,Yes,No,Undyed,160,1.43,0.2174,1.0833,0.1793,0,0.1826,1.4452,0
Shortsleeve Loose Blouse,Shirt,XL,1.2,A,Yes,No,Undyed,160,1.56,0.2371,1.1815,0.1956,0,0.1992,1.5763,0
Cropped Tank Tops in  Natural White,Tank Top,M,1.0,A,Yes,No,Undyed,100,0.6,0.057,0.2840,0.047,0,0.0479,0.3789,0
Cropped Tank Tops in  Natural White,Tank Top,L,1.1,A,Yes,No,Undyed,100,0.66,0.0627,0.3124,0.0517,0,0.0527,0.4168,0
Cropped Tank Tops in  Natural White,Tank Top,XL,1.2,A,Yes,No,Undyed,100,0.72,0.0684,0.3408,0.0564,0,0.0575,0.4547,0
Toy Comfort Blouse Salmon,Blouse,F,1.0,A,Yes,Yes,Lac/Huchang,160,1.3,0.1976,0.9846,0.163,0.00082,0.166,1.3144,0
Men’s Relaxed-fit Mandarin Collar Longsleeve Shirt,Shirt,S,0.88,A,Yes,No,Undyed,160,1.144,0.1739,0.8665,0.1435,0,0.1461,1.1561,0
Men’s Relaxed-fit Mandarin Collar Longsleeve Shirt,Shirt,M,1.0,A,Yes,No,Undyed,160,1.3,0.1976,0.9846,0.163,0,0.166,1.3136,0
Men’s Relaxed-fit Mandarin Collar Longsleeve Shirt,Shirt,L,1.1,A,Yes,No,Undyed,160,1.43,0.2174,1.0833,0.1793,0,0.1826,1.4452,0
Men’s Relaxed-fit Mandarin Collar Longsleeve Shirt,Shirt,XL,1.2,A,Yes,No,Undyed,160,1.56,0.2371,1.1815,0.1956,0,0.1992,1.5763,0
S Trousers Ebony White (Genderless),Pants,S,0.88,A,Yes,Yes,Ebony,160,1.76,0.2675,1.3330,0.2207,0.0011,0.2247,1.7795,0
S Trousers Ebony White (Genderless),Pants,F,1.0,A,Yes,Yes,Ebony,160,2.0,0.304,1.5148,0.2508,0.00125,0.2554,2.0223,0
S Trousers Ebony White (Genderless),Pants,XL,1.2,A,Yes,Yes,Ebony,160,2.4,0.3648,1.8178,0.3009,0.00151,0.3064,2.4266,0
Closed-loop Wide Trousers with Lining,Trousers,S,0.88,B,Yes,No,SC GRAND natural,130,2.464,0.3043,1.5163,0.251,0,0.2556,2.0229,0.3314
Closed-loop Wide Trousers with Lining,Trousers,M,1.0,B,Yes,No,SC GRAND natural,130,2.8,0.3458,1.7231,0.2853,0,0.2905,2.2989,0.3766
Closed-loop Wide Trousers with Lining,Trousers,L,1.1,B,Yes,No,SC GRAND natural,130,3.08,0.3804,1.8955,0.3138,0,0.3195,2.5288,0.4143
Closed-loop Wide Trousers with Lining,Trousers,XL,1.2,B,Yes,No,SC GRAND natural,130,3.36,0.415,2.0679,0.3423,0,0.3486,2.7588,0.4519
Geo Blouse,Shirt,S,0.88,A,Yes,No,Undyed,160,1.144,0.1739,0.8665,0.1435,0,0.1461,1.1561,0
Geo Blouse,Shirt,M,1.0,A,Yes,No,Undyed,160,1.3,0.1976,0.9846,0.163,0,0.166,1.3136,0
Geo Blouse,Shirt,L,1.1,A,Yes,No,Undyed,160,1.43,0.2174,1.0833,0.1793,0,0.1826,1.4452,0
Geo Blouse,Shirt,XL,1.2,A,Yes,No,Undyed,160,1.56,0.2371,1.1815,0.1956,0,0.1992,1.5763,0
Extra-Wide Trousers in Complicated Ebony,Trousers,S,0.88,A,Yes,Yes,Ebony,160,2.464,0.3745,1.8661,0.3089,0.00155,0.3146,2.4912,0
Extra-Wide Trousers in Complicated Ebony,Trousers,M,1.0,A,Yes,Yes,Ebony,160,2.8,0.4256,2.1208,0.3511,0.00176,0.3575,2.8312,0
Extra-Wide Trousers in Complicated Ebony,Trousers,L,1.1,A,Yes,Yes,Ebony,160,3.08,0.4682,2.3330,0.3862,0.00193,0.3933,3.1144,0
Extra-Wide Trousers in Complicated Ebony,Trousers,XL,1.2,A,Yes,Yes,Ebony,160,3.36,0.5107,2.5448,0.4213,0.00211,0.429,3.3972,0
Recomposed Tang Jacket,Blouse,F,1.0,A,Yes,No,Undyed,160,1.3,0.1976,0.9846,0.163,0,0.166,1.3136,0
Barrel-leg Trousers in Buak Brown,Trousers,S,0.88,A,Yes,Yes,Buak/Indigo,160,2.464,0.3745,1.8661,0.3089,0.00155,0.3146,2.4912,0
Barrel-leg Trousers in Buak Brown,Trousers,M,1.0,A,Yes,Yes,Buak/Indigo,160,2.8,0.4256,2.1208,0.3511,0.00176,0.3575,2.8312,0
Barrel-leg Trousers in Buak Brown,Trousers,L,1.1,A,Yes,Yes,Buak/Indigo,160,3.08,0.4682,2.3330,0.3862,0.00193,0.3933,3.1144,0
Barrel-leg Trousers in Buak Brown,Trousers,XL,1.2,A,Yes,Yes,Buak/Indigo,160,3.36,0.5107,2.5448,0.4213,0.00211,0.429,3.3972,0
Loomline Utility Jacket in Complicated Ebony,Shirt,F,1.0,A,Yes,Yes,Ebony,160,1.3,0.1976,0.9846,0.163,0.00082,0.166,1.3144,0
Classic White Comfort Blouse,Blouse,F,1.0,A,Yes,No,Undyed,160,1.3,0.1976,0.9846,0.163,0,0.166,1.3136,0
Grandma Jay Four Treadle Weave Shawl - *New  Click to more*,Scarf,F,1.0,A,No,No,Undyed,100,0.9,0.0855,0.4260,0.0705,0,0,0.4965,0
Cropped Geo Blouse White,Shirt,S,0.88,A,Yes,No,Undyed,160,1.144,0.1739,0.8665,0.1435,0,0.1461,1.1561,0
Cropped Geo Blouse White,Shirt,M,1.0,A,Yes,No,Undyed,160,1.3,0.1976,0.9846,0.163,0,0.166,1.3136,0
Cropped Geo Blouse White,Shirt,L,1.1,A,Yes,No,Undyed,160,1.43,0.2174,1.0833,0.1793,0,0.1826,1.4452,0
Cropped Geo Blouse White,Shirt,XL,1.2,A,Yes,No,Undyed,160,1.56,0.2371,1.1815,0.1956,0,0.1992,1.5763,0
Kimono Shortsleeved Blouse in B/W,Top,F,1.0,A,Yes,Yes,Ebony/White,130,1.0,0.1235,0.6154,0.1019,0.00051,0.1037,0.8215,0
Cropped Geo Blouse in B/W,Shirt,S,0.88,A,Yes,Yes,Ebony/White,160,1.144,0.1739,0.8665,0.1435,0.00072,0.1461,1.1568,0
Cropped Geo Blouse in B/W,Shirt,M,1.0,A,Yes,Yes,Ebony/White,160,1.3,0.1976,0.9846,0.163,0.00082,0.166,1.3144,0
Cropped Geo Blouse in B/W,Shirt,L,1.1,A,Yes,Yes,Ebony/White,160,1.43,0.2174,1.0833,0.1793,0.0009,0.1826,1.4461,0
Cropped Geo Blouse in B/W,Shirt,XL,1.2,A,Yes,Yes,Ebony/White,160,1.56,0.2371,1.1815,0.1956,0.00098,0.1992,1.5773,0
Button Overshirt (Copy),Blouse,M,1.0,A,Yes,No,Undyed,160,1.3,0.1976,0.9846,0.163,0,0.166,1.3136,0
Button Overshirt (Copy),Blouse,L,1.1,A,Yes,No,Undyed,160,1.43,0.2174,1.0833,0.1793,0,0.1826,1.4452,0
Button Overshirt (Copy),Blouse,XL,1.2,A,Yes,No,Undyed,160,1.56,0.2371,1.1815,0.1956,0,0.1992,1.5763,0
Batwing Cropped Blouse,Tank Top,F,1.0,A,Yes,No,Undyed,100,0.6,0.057,0.2840,0.047,0,0.0479,0.3789,0
Batwing Cropped Blouse,Tank Top,L+2,1.15,A,Yes,No,Undyed,100,0.69,0.0655,0.3264,0.054,0,0.055,0.4354,0
Longsleeve Loose Blouse Mandarin in Closed-Loop Natural Brown,Shirt,S,0.88,B,Yes,No,Natural,130,1.144,0.1413,0.7041,0.1166,0,0.1187,0.9394,0.1539
Longsleeve Loose Blouse Mandarin in Closed-Loop Natural Brown,Shirt,M,1.0,B,Yes,No,Natural,130,1.3,0.1605,0.7998,0.1324,0,0.1348,1.0670,0.1748
Longsleeve Loose Blouse Mandarin in Closed-Loop Natural Brown,Shirt,L,1.1,B,Yes,No,Natural,130,1.43,0.1766,0.8800,0.1457,0,0.1483,1.1740,0.1923
Longsleeve Loose Blouse Mandarin in Closed-Loop Natural Brown,Shirt,XL,1.2,B,Yes,No,Natural,130,1.56,0.1927,0.9602,0.159,0,0.1619,1.2811,0.2099
Button Overshirt in Deep Ebony,Blouse,M,1.0,A,Yes,Yes,Ebony,160,1.3,0.1976,0.9846,0.163,0.00082,0.166,1.3144,0
Button Overshirt in Deep Ebony,Blouse,L,1.1,A,Yes,Yes,Ebony,160,1.43,0.2174,1.0833,0.1793,0.0009,0.1826,1.4461,0
Button Overshirt in Deep Ebony,Blouse,XL,1.2,A,Yes,Yes,Ebony,160,1.56,0.2371,1.1815,0.1956,0.00098,0.1992,1.5773,0
Shortsleeve Loose Blouse Mandarin,Tank Top,S,0.88,A,Yes,No,Undyed,100,0.528,0.0502,0.2501,0.0414,0,0.0422,0.3337,0
Shortsleeve Loose Blouse Mandarin,Tank Top,M,1.0,A,Yes,No,Undyed,100,0.6,0.057,0.2840,0.047,0,0.0479,0.3789,0
Shortsleeve Loose Blouse Mandarin,Tank Top,L,1.1,A,Yes,No,Undyed,100,0.66,0.0627,0.3124,0.0517,0,0.0527,0.4168,0
Shortsleeve Loose Blouse Mandarin,Tank Top,XL,1.2,A,Yes,No,Undyed,100,0.72,0.0684,0.3408,0.0564,0,0.0575,0.4547,0
Georgia's 6 Panel Skirt in Huchang-Red,Skirt,S,0.88,A,Yes,Yes,Huchang-Red,160,1.232,0.1873,0.9333,0.1545,0.00077,0.1573,1.2459,0
Georgia's 6 Panel Skirt in Huchang-Red,Skirt,M,1.0,A,Yes,Yes,Huchang-Red,160,1.4,0.2128,1.0604,0.1755,0.00088,0.1788,1.4156,0
Georgia's 6 Panel Skirt in Huchang-Red,Skirt,L,1.1,A,Yes,Yes,Huchang-Red,160,1.54,0.2341,1.1665,0.1931,0.00097,0.1966,1.5572,0
Georgia's 6 Panel Skirt in Huchang-Red,Skirt,XL,1.2,A,Yes,Yes,Huchang-Red,160,1.68,0.2554,1.2727,0.2107,0.00105,0.2145,1.6989,0
Asymmetrical Patch Pocket Cargo Trousers in Deep Ebony,Trousers,S,0.88,A,Yes,Yes,Ebony,160,2.464,0.3745,1.8661,0.3089,0.00155,0.3146,2.4912,0
Asymmetrical Patch Pocket Cargo Trousers in Deep Ebony,Trousers,M,1.0,A,Yes,Yes,Ebony,160,2.8,0.4256,2.1208,0.3511,0.00176,0.3575,2.8312,0
Asymmetrical Patch Pocket Cargo Trousers in Deep Ebony,Trousers,L,1.1,A,Yes,Yes,Ebony,160,3.08,0.4682,2.3330,0.3862,0.00193,0.3933,3.1144,0
Asymmetrical Patch Pocket Cargo Trousers in Deep Ebony,Trousers,XL,1.2,A,Yes,Yes,Ebony,160,3.36,0.5107,2.5448,0.4213,0.00211,0.429,3.3972,0
Closed-loop Layered-back Tee (Genderless) in White Huchang-Red,Blouse,M,1.0,B,Yes,Yes,Huchang-Red,130,1.3,0.1605,0.7998,0.1324,0.00066,0.1348,1.0677,0.1748
Closed-loop Layered-back Tee (Genderless) in White Huchang-Red,Blouse,L,1.1,B,Yes,Yes,Huchang-Red,130,1.43,0.1766,0.8800,0.1457,0.00073,0.1483,1.1747,0.1923
Closed-loop Layered-back Tee (Genderless) in White Huchang-Red,Blouse,XL,1.2,B,Yes,Yes,Huchang-Red,130,1.56,0.1927,0.9602,0.159,0.0008,0.1619,1.2819,0.2099
Closed-loop Layered-back Tee Brown (Genderless),Blouse,M,1.0,B,Yes,Yes,Huchang-Red,130,1.3,0.1605,0.7998,0.1324,0.00066,0.1348,1.0677,0.1748
Closed-loop Layered-back Tee Brown (Genderless),Blouse,L,1.1,B,Yes,Yes,Huchang-Red,130,1.43,0.1766,0.8800,0.1457,0.00073,0.1483,1.1747,0.1923
Closed-loop Layered-back Tee Brown (Genderless),Blouse,XL,1.2,B,Yes,Yes,Huchang-Red,130,1.56,0.1927,0.9602,0.159,0.0008,0.1619,1.2819,0.2099
Closed-loop Layered-back Tee (Genderless) in White Indigo,Blouse,M,1.0,B,Yes,Yes,Indigo,130,1.3,0.1605,0.7998,0.1324,0.00066,0.1348,1.0677,0.1748
Closed-loop Layered-back Tee (Genderless) in White Indigo,Blouse,L,1.1,B,Yes,Yes,Indigo,130,1.43,0.1766,0.8800,0.1457,0.00073,0.1483,1.1747,0.1923
Closed-loop Layered-back Tee (Genderless) in White Indigo,Blouse,XL,1.2,B,Yes,Yes,Indigo,130,1.56,0.1927,0.9602,0.159,0.0008,0.1619,1.2819,0.2099
Toy Comfort Blouse-Black Indigo Accent,Blouse,F,1.0,A,Yes,Yes,Indigo,160,1.3,0.1976,0.9846,0.163,0.00082,0.166,1.3144,0
Relaxed-fit Midi Skirt in Deep Ebony,Skirt,S,0.88,A,Yes,Yes,Ebony,160,1.232,0.1873,0.9333,0.1545,0.00077,0.1573,1.2459,0
Relaxed-fit Midi Skirt in Deep Ebony,Skirt,M,1.0,A,Yes,Yes,Ebony,160,1.4,0.2128,1.0604,0.1755,0.00088,0.1788,1.4156,0
Relaxed-fit Midi Skirt in Deep Ebony,Skirt,L,1.1,A,Yes,Yes,Ebony,160,1.54,0.2341,1.1665,0.1931,0.00097,0.1966,1.5572,0
Relaxed-fit Midi Skirt in Deep Ebony,Skirt,XL,1.2,A,Yes,Yes,Ebony,160,1.68,0.2554,1.2727,0.2107,0.00105,0.2145,1.6989,0
Relaxed-fit Midi Skirt in Deep Ebony,Skirt,XXL,1.3,A,Yes,Yes,Ebony,160,1.82,0.2766,1.3783,0.2282,0.00114,0.2323,1.8399,0
S Trousers Salmon (Genderless),Pants,S,0.88,A,Yes,Yes,Lac/Huchang,160,1.76,0.2675,1.3330,0.2207,0.0011,0.2247,1.7795,0
S Trousers Salmon (Genderless),Pants,F,1.0,A,Yes,Yes,Lac/Huchang,160,2.0,0.304,1.5148,0.2508,0.00125,0.2554,2.0223,0
S Trousers Salmon (Genderless),Pants,XL,1.2,A,Yes,Yes,Lac/Huchang,160,2.4,0.3648,1.8178,0.3009,0.00151,0.3064,2.4266,0
Toy Comfort Blouse,Blouse,F,1.0,A,Yes,No,Undyed,160,1.3,0.1976,0.9846,0.163,0,0.166,1.3136,0
Club Shorts in Enmon Yellow,Shorts,M,1.0,A,Yes,Yes,Enmon,160,1.2,0.1824,0.9089,0.1505,0.00075,0.1532,1.2134,0
Club Shorts in Enmon Yellow,Shorts,L,1.1,A,Yes,Yes,Enmon,160,1.32,0.2006,0.9996,0.1655,0.00083,0.1685,1.3344,0
Club Shorts in Enmon Yellow,Shorts,XL,1.2,A,Yes,Yes,Enmon,160,1.44,0.2189,1.0908,0.1806,0.0009,0.1839,1.4562,0
S Trousers (Genderless),Pants,S,0.88,A,Yes,No,Undyed,160,1.76,0.2675,1.3330,0.2207,0,0.2247,1.7784,0
S Trousers (Genderless),Pants,XL,1.2,A,Yes,No,Undyed,160,2.4,0.3648,1.8178,0.3009,0,0.3064,2.4251,0
S Trousers (Genderless),Pants,FREE-SIZE,1.0,A,Yes,No,Undyed,160,2.0,0.304,1.5148,0.2508,0,0.2554,2.0210,0
Fluidline Halterneck Blouse,Tank Top,S,0.88,A,Yes,No,Undyed,100,0.528,0.0502,0.2501,0.0414,0,0.0422,0.3337,0
Fluidline Halterneck Blouse,Tank Top,M,1.0,A,Yes,No,Undyed,100,0.6,0.057,0.2840,0.047,0,0.0479,0.3789,0
Fluidline Halterneck Blouse,Tank Top,L,1.1,A,Yes,No,Undyed,100,0.66,0.0627,0.3124,0.0517,0,0.0527,0.4168,0
Fluidline Halterneck Blouse,Tank Top,XL,1.2,A,Yes,No,Undyed,100,0.72,0.0684,0.3408,0.0564,0,0.0575,0.4547,0
A-Line Skirt in Buak Blue,Skirt,S,0.88,A,Yes,Yes,Buak/Indigo,160,1.232,0.1873,0.9333,0.1545,0.00077,0.1573,1.2459,0
A-Line Skirt in Buak Blue,Skirt,M,1.0,A,Yes,Yes,Buak/Indigo,160,1.4,0.2128,1.0604,0.1755,0.00088,0.1788,1.4156,0
A-Line Skirt in Buak Blue,Skirt,L,1.1,A,Yes,Yes,Buak/Indigo,160,1.54,0.2341,1.1665,0.1931,0.00097,0.1966,1.5572,0
A-Line Skirt in Buak Blue,Skirt,XL,1.2,A,Yes,Yes,Buak/Indigo,160,1.68,0.2554,1.2727,0.2107,0.00105,0.2145,1.6989,0
A-Line Skirt 1,Skirt,S,0.88,A,Yes,No,Undyed,160,1.232,0.1873,0.9333,0.1545,0,0.1573,1.2451,0
A-Line Skirt 1,Skirt,M,1.0,A,Yes,No,Undyed,160,1.4,0.2128,1.0604,0.1755,0,0.1788,1.4147,0
A-Line Skirt 1,Skirt,L,1.1,A,Yes,No,Undyed,160,1.54,0.2341,1.1665,0.1931,0,0.1966,1.5562,0
A-Line Skirt 1,Skirt,XL,1.2,A,Yes,No,Undyed,160,1.68,0.2554,1.2727,0.2107,0,0.2145,1.6979,0
Closed-loop Blazer,jackets,S,0.88,B,Yes,No,SC GRAND natural,195,1.848,0.3423,1.7057,0.2824,0,0.2875,2.2756,0.3728
Closed-loop Blazer,jackets,M,1.0,B,Yes,No,SC GRAND natural,195,2.1,0.389,1.9384,0.3209,0,0.3268,2.5861,0.4236
Closed-loop Blazer,jackets,L,1.1,B,Yes,No,SC GRAND natural,195,2.31,0.4279,2.1322,0.353,0,0.3594,2.8446,0.466
Closed-loop Blazer,jackets,XL,1.2,B,Yes,No,SC GRAND natural,195,2.52,0.4668,2.3261,0.3851,0,0.3921,3.1033,0.5083
Two Tone Barrel-leg Trousers in Buak Blue,Trousers,S,0.88,A,Yes,Yes,Buak/Indigo,160,2.464,0.3745,1.8661,0.3089,0.00155,0.3146,2.4912,0
Two Tone Barrel-leg Trousers in Buak Blue,Trousers,M,1.0,A,Yes,Yes,Buak/Indigo,160,2.8,0.4256,2.1208,0.3511,0.00176,0.3575,2.8312,0
Two Tone Barrel-leg Trousers in Buak Blue,Trousers,L,1.1,A,Yes,Yes,Buak/Indigo,160,3.08,0.4682,2.3330,0.3862,0.00193,0.3933,3.1144,0
Two Tone Barrel-leg Trousers in Buak Blue,Trousers,XL,1.2,A,Yes,Yes,Buak/Indigo,160,3.36,0.5107,2.5448,0.4213,0.00211,0.429,3.3972,0
Collarless Blazer,jackets,S,0.88,A,Yes,No,Undyed,225,1.848,0.395,1.9683,0.3258,0,0.3318,2.6259,0
Collarless Blazer,jackets,M,1.0,A,Yes,No,Undyed,225,2.1,0.4489,2.2369,0.3703,0,0.3771,2.9843,0
Collarless Blazer,jackets,L,1.1,A,Yes,No,Undyed,225,2.31,0.4938,2.4606,0.4073,0,0.4148,3.2827,0
Collarless Blazer,jackets,XL,1.2,A,Yes,No,Undyed,225,2.52,0.5387,2.6843,0.4444,0,0.4525,3.5812,0
Asymmetrical Patch Pocket Cargo Trousers,Trousers,S,0.88,A,Yes,No,Undyed,160,2.464,0.3745,1.8661,0.3089,0,0.3146,2.4896,0
Asymmetrical Patch Pocket Cargo Trousers,Trousers,M,1.0,A,Yes,No,Undyed,160,2.8,0.4256,2.1208,0.3511,0,0.3575,2.8294,0
Asymmetrical Patch Pocket Cargo Trousers,Trousers,L,1.1,A,Yes,No,Undyed,160,3.08,0.4682,2.3330,0.3862,0,0.3933,3.1125,0
Asymmetrical Patch Pocket Cargo Trousers,Trousers,XL,1.2,A,Yes,No,Undyed,160,3.36,0.5107,2.5448,0.4213,0,0.429,3.3951,0
Closed-loop Shortsleeve Light Blouse,Shirt,S,0.88,B,Yes,No,SC GRAND natural,130,1.144,0.1413,0.7041,0.1166,0,0.1187,0.9394,0.1539
Closed-loop Shortsleeve Light Blouse,Shirt,M,1.0,B,Yes,No,SC GRAND natural,130,1.3,0.1605,0.7998,0.1324,0,0.1348,1.0670,0.1748
Closed-loop Shortsleeve Light Blouse,Shirt,L,1.1,B,Yes,No,SC GRAND natural,130,1.43,0.1766,0.8800,0.1457,0,0.1483,1.1740,0.1923
Closed-loop Shortsleeve Light Blouse,Shirt,XL,1.2,B,Yes,No,SC GRAND natural,130,1.56,0.1927,0.9602,0.159,0,0.1619,1.2811,0.2099
Barrel-leg Trousers,Trousers,S,0.88,A,Yes,No,Undyed,160,2.464,0.3745,1.8661,0.3089,0,0.3146,2.4896,0
Barrel-leg Trousers,Trousers,M,1.0,A,Yes,No,Undyed,160,2.8,0.4256,2.1208,0.3511,0,0.3575,2.8294,0
Barrel-leg Trousers,Trousers,L,1.1,A,Yes,No,Undyed,160,3.08,0.4682,2.3330,0.3862,0,0.3933,3.1125,0
Barrel-leg Trousers,Trousers,XL,1.2,A,Yes,No,Undyed,160,3.36,0.5107,2.5448,0.4213,0,0.429,3.3951,0
Club Shorts in Blue Stripes,Shorts,M,1.0,A,Yes,Yes,Indigo/Buak,160,1.2,0.1824,0.9089,0.1505,0.00075,0.1532,1.2134,0
Club Shorts in Blue Stripes,Shorts,L,1.1,A,Yes,Yes,Indigo/Buak,160,1.32,0.2006,0.9996,0.1655,0.00083,0.1685,1.3344,0
Club Shorts in Blue Stripes,Shorts,XL,1.2,A,Yes,Yes,Indigo/Buak,160,1.44,0.2189,1.0908,0.1806,0.0009,0.1839,1.4562,0
Kimono Shortsleeved Blouse,Top,M,1.0,A,Yes,No,Undyed,130,1.0,0.1235,0.6154,0.1019,0,0.1037,0.8210,0
Loomline Tuck Shorts in Natural White,Shorts,S,0.88,A,Yes,No,Undyed,160,1.056,0.1605,0.7998,0.1324,0,0.1348,1.0670,0
Loomline Tuck Shorts in Natural White,Shorts,M,1.0,A,Yes,No,Undyed,160,1.2,0.1824,0.9089,0.1505,0,0.1532,1.2126,0
Loomline Tuck Shorts in Natural White,Shorts,L,1.1,A,Yes,No,Undyed,160,1.32,0.2006,0.9996,0.1655,0,0.1685,1.3336,0
Loomline Tuck Shorts in Natural White,Shorts,XL,1.2,A,Yes,No,Undyed,160,1.44,0.2189,1.0908,0.1806,0,0.1839,1.4553,0
Loomline Tuck Shorts in Natural Brown,Shorts,S,0.88,A,Yes,No,Natural,160,1.056,0.1605,0.7998,0.1324,0,0.1348,1.0670,0
Loomline Tuck Shorts in Natural Brown,Shorts,M,1.0,A,Yes,No,Natural,160,1.2,0.1824,0.9089,0.1505,0,0.1532,1.2126,0
Loomline Tuck Shorts in Natural Brown,Shorts,L,1.1,A,Yes,No,Natural,160,1.32,0.2006,0.9996,0.1655,0,0.1685,1.3336,0
Loomline Tuck Shorts in Natural Brown,Shorts,XL,1.2,A,Yes,No,Natural,160,1.44,0.2189,1.0908,0.1806,0,0.1839,1.4553,0
Closed-loop Longsleeve Light Blouse,Shirt,S,0.88,B,Yes,No,SC GRAND natural,130,1.144,0.1413,0.7041,0.1166,0,0.1187,0.9394,0.1539
Closed-loop Longsleeve Light Blouse,Shirt,M,1.0,B,Yes,No,SC GRAND natural,130,1.3,0.1605,0.7998,0.1324,0,0.1348,1.0670,0.1748
Closed-loop Longsleeve Light Blouse,Shirt,L,1.1,B,Yes,No,SC GRAND natural,130,1.43,0.1766,0.8800,0.1457,0,0.1483,1.1740,0.1923
Closed-loop Longsleeve Light Blouse,Shirt,XL,1.2,B,Yes,No,SC GRAND natural,130,1.56,0.1927,0.9602,0.159,0,0.1619,1.2811,0.2099
Fluidline Cropped Tank Top,Tank Top,S,0.88,A,Yes,No,Undyed,100,0.528,0.0502,0.2501,0.0414,0,0.0422,0.3337,0
Fluidline Cropped Tank Top,Tank Top,M,1.0,A,Yes,No,Undyed,100,0.6,0.057,0.2840,0.047,0,0.0479,0.3789,0
Fluidline Cropped Tank Top,Tank Top,L,1.1,A,Yes,No,Undyed,100,0.66,0.0627,0.3124,0.0517,0,0.0527,0.4168,0
Fluidline Cropped Tank Top,Tank Top,XL,1.2,A,Yes,No,Undyed,100,0.72,0.0684,0.3408,0.0564,0,0.0575,0.4547,0
Fluidline Cropped Tank Top,Tank Top,XXL,1.3,A,Yes,No,Undyed,100,0.78,0.0741,0.3692,0.0611,0,0.0622,0.4925,0
Bermuda Shorts in Natural Brown,Shorts,S,0.88,A,Yes,No,Natural,160,1.056,0.1605,0.7998,0.1324,0,0.1348,1.0670,0
Bermuda Shorts in Natural Brown,Shorts,M,1.0,A,Yes,No,Natural,160,1.2,0.1824,0.9089,0.1505,0,0.1532,1.2126,0
Bermuda Shorts in Natural Brown,Shorts,L,1.1,A,Yes,No,Natural,160,1.32,0.2006,0.9996,0.1655,0,0.1685,1.3336,0
Bermuda Shorts in Natural Brown,Shorts,XL,1.2,A,Yes,No,Natural,160,1.44,0.2189,1.0908,0.1806,0,0.1839,1.4553,0
Closed-loop Tie-up Shortsleeve Blouse,Top,S,0.88,B,Yes,No,SC GRAND natural,100,0.88,0.0836,0.4166,0.069,0,0.0702,0.5558,0.091
Closed-loop Tie-up Shortsleeve Blouse,Top,M,1.0,B,Yes,No,SC GRAND natural,100,1.0,0.095,0.4734,0.0784,0,0.0798,0.6316,0.1035
Closed-loop Tie-up Shortsleeve Blouse,Top,L,1.1,B,Yes,No,SC GRAND natural,100,1.1,0.1045,0.5207,0.0862,0,0.0878,0.6947,0.1138
Closed-loop Tie-up Shortsleeve Blouse,Top,XL,1.2,B,Yes,No,SC GRAND natural,100,1.2,0.114,0.5681,0.094,0,0.0958,0.7579,0.1241
Looped Polo Shirt in Natural Brown,Shirt,M,1.0,A,Yes,No,Natural,160,1.3,0.1976,0.9846,0.163,0,0.166,1.3136,0
Looped Polo Shirt in Natural Brown,Shirt,L,1.1,A,Yes,No,Natural,160,1.43,0.2174,1.0833,0.1793,0,0.1826,1.4452,0
Looped Polo Shirt in Natural Brown,Shirt,XL,1.2,A,Yes,No,Natural,160,1.56,0.2371,1.1815,0.1956,0,0.1992,1.5763,0
Bermuda Shorts Salmon,Shorts,S,0.88,A,Yes,Yes,Lac/Huchang,160,1.056,0.1605,0.7998,0.1324,0.00066,0.1348,1.0677,0
Bermuda Shorts Salmon,Shorts,M,1.0,A,Yes,Yes,Lac/Huchang,160,1.2,0.1824,0.9089,0.1505,0.00075,0.1532,1.2134,0
Bermuda Shorts Salmon,Shorts,L,1.1,A,Yes,Yes,Lac/Huchang,160,1.32,0.2006,0.9996,0.1655,0.00083,0.1685,1.3344,0
Bermuda Shorts Salmon,Shorts,XL,1.2,A,Yes,Yes,Lac/Huchang,160,1.44,0.2189,1.0908,0.1806,0.0009,0.1839,1.4562,0
Closed-loop Longsleeve Light Blouse in Huchang-Red,Shirt,S,0.88,B,Yes,Yes,Huchang-Red,130,1.144,0.1413,0.7041,0.1166,0.00058,0.1187,0.9400,0.1539
Closed-loop Longsleeve Light Blouse in Huchang-Red,Shirt,M,1.0,B,Yes,Yes,Huchang-Red,130,1.3,0.1605,0.7998,0.1324,0.00066,0.1348,1.0677,0.1748
Closed-loop Longsleeve Light Blouse in Huchang-Red,Shirt,L,1.1,B,Yes,Yes,Huchang-Red,130,1.43,0.1766,0.8800,0.1457,0.00073,0.1483,1.1747,0.1923
Closed-loop Longsleeve Light Blouse in Huchang-Red,Shirt,XL,1.2,B,Yes,Yes,Huchang-Red,130,1.56,0.1927,0.9602,0.159,0.0008,0.1619,1.2819,0.2099
Loomline Utility Jacket in Buak Blue,Shirt,F,1.0,A,Yes,Yes,Buak/Indigo,160,1.3,0.1976,0.9846,0.163,0.00082,0.166,1.3144,0
Tie-up Cap Sleeve Blouse,Shirt,S,0.88,A,Yes,No,Undyed,160,1.144,0.1739,0.8665,0.1435,0,0.1461,1.1561,0
Tie-up Cap Sleeve Blouse,Shirt,M,1.0,A,Yes,No,Undyed,160,1.3,0.1976,0.9846,0.163,0,0.166,1.3136,0
Tie-up Cap Sleeve Blouse,Shirt,L,1.1,A,Yes,No,Undyed,160,1.43,0.2174,1.0833,0.1793,0,0.1826,1.4452,0
Tie-up Cap Sleeve Blouse,Shirt,XL,1.2,A,Yes,No,Undyed,160,1.56,0.2371,1.1815,0.1956,0,0.1992,1.5763,0
Closed Loop Relaxed-fit Blazer,Blazer,M,1.0,B,Yes,No,SC GRAND natural,195,2.1,0.389,1.9384,0.3209,0,0.3268,2.5861,0.4236
Closed Loop Relaxed-fit Blazer,Blazer,XL,1.2,B,Yes,No,SC GRAND natural,195,2.52,0.4668,2.3261,0.3851,0,0.3921,3.1033,0.5083
Closed Loop Relaxed-fit Blazer,Blazer,L,1.1,B,Yes,No,SC GRAND natural,195,2.31,0.4279,2.1322,0.353,0,0.3594,2.8446,0.466
Closed Loop Relaxed-fit Blazer,Blazer,S,0.88,B,Yes,No,SC GRAND natural,195,1.848,0.3423,1.7057,0.2824,0,0.2875,2.2756,0.3728
Closed-Loop Penguin Shortsleeve Shirt (Men's),Shirt,XL,1.2,B,Yes,No,SC GRAND natural,130,1.56,0.1927,0.9602,0.159,0,0.1619,1.2811,0.2099
Closed-Loop Penguin Shortsleeve Shirt (Men's),Shirt,L,1.1,B,Yes,No,SC GRAND natural,130,1.43,0.1766,0.8800,0.1457,0,0.1483,1.1740,0.1923
Closed-Loop Penguin Shortsleeve Shirt (Men's),Shirt,M,1.0,B,Yes,No,SC GRAND natural,130,1.3,0.1605,0.7998,0.1324,0,0.1348,1.0670,0.1748
Closed-Loop Penguin Shortsleeve Shirt (Men's),Shirt,S,0.88,B,Yes,No,SC GRAND natural,130,1.144,0.1413,0.7041,0.1166,0,0.1187,0.9394,0.1539
Closed-loop Penguin Shortsleeve Shirt (Women's),Shirt,XL,1.2,B,Yes,No,SC GRAND natural,130,1.56,0.1927,0.9602,0.159,0,0.1619,1.2811,0.2099
Closed-loop Penguin Shortsleeve Shirt (Women's),Shirt,L,1.1,B,Yes,No,SC GRAND natural,130,1.43,0.1766,0.8800,0.1457,0,0.1483,1.1740,0.1923
Closed-loop Penguin Shortsleeve Shirt (Women's),Shirt,M,1.0,B,Yes,No,SC GRAND natural,130,1.3,0.1605,0.7998,0.1324,0,0.1348,1.0670,0.1748
Closed-loop Penguin Shortsleeve Shirt (Women's),Shirt,S,0.88,B,Yes,No,SC GRAND natural,130,1.144,0.1413,0.7041,0.1166,0,0.1187,0.9394,0.1539
Closed-loop Toy Blouse  in Buak Blue,Shirt,S,0.88,B,Yes,Yes,Buak/Indigo,130,1.144,0.1413,0.7041,0.1166,0.00058,0.1187,0.9400,0.1539
Closed-loop Toy Blouse  in Buak Blue,Shirt,M,1.0,B,Yes,Yes,Buak/Indigo,130,1.3,0.1605,0.7998,0.1324,0.00066,0.1348,1.0677,0.1748
Closed-loop Toy Blouse  in Buak Blue,Shirt,L,1.1,B,Yes,Yes,Buak/Indigo,130,1.43,0.1766,0.8800,0.1457,0.00073,0.1483,1.1747,0.1923
Closed-loop Toy Blouse  in Buak Blue,Shirt,XL,1.2,B,Yes,Yes,Buak/Indigo,130,1.56,0.1927,0.9602,0.159,0.0008,0.1619,1.2819,0.2099
Yellow Sobbing Weave Relaxed-fit Blazer,Blazer,L,1.1,A,Yes,No,Undyed,225,2.31,0.4938,2.4606,0.4073,0,0.4148,3.2827,0
Yellow Sobbing Weave Relaxed-fit Blazer,Blazer,M,1.0,A,Yes,No,Undyed,225,2.1,0.4489,2.2369,0.3703,0,0.3771,2.9843,0
Yellow Sobbing Weave Relaxed-fit Blazer,Blazer,S,0.88,A,Yes,No,Undyed,225,1.848,0.395,1.9683,0.3258,0,0.3318,2.6259,0
Yellow Sobbing Weave Relaxed-fit Blazer,Blazer,XL,1.2,A,Yes,No,Undyed,225,2.52,0.5387,2.6843,0.4444,0,0.4525,3.5812,0
Sobbing Weave Relaxed-fit Blazer White Hem,Blazer,S,0.88,A,Yes,No,Undyed,225,1.848,0.395,1.9683,0.3258,0,0.3318,2.6259,0
Sobbing Weave Relaxed-fit Blazer White Hem,Blazer,M,1.0,A,Yes,No,Undyed,225,2.1,0.4489,2.2369,0.3703,0,0.3771,2.9843,0
Sobbing Weave Relaxed-fit Blazer White Hem,Blazer,L,1.1,A,Yes,No,Undyed,225,2.31,0.4938,2.4606,0.4073,0,0.4148,3.2827,0
Sobbing Weave Relaxed-fit Blazer White Hem,Blazer,XL,1.2,A,Yes,No,Undyed,225,2.52,0.5387,2.6843,0.4444,0,0.4525,3.5812,0
Sobbing Weave Relaxed-fit Blazer Ebony Hem,Blazer,XL,1.2,A,Yes,Yes,Ebony,225,2.52,0.5387,2.6843,0.4444,0.00222,0.4525,3.5834,0
Sobbing Weave Relaxed-fit Blazer Ebony Hem,Blazer,S,0.88,A,Yes,Yes,Ebony,225,1.848,0.395,1.9683,0.3258,0.00163,0.3318,2.6275,0
Sobbing Weave Relaxed-fit Blazer Ebony Hem,Blazer,M,1.0,A,Yes,Yes,Ebony,225,2.1,0.4489,2.2369,0.3703,0.00185,0.3771,2.9861,0
Sobbing Weave Relaxed-fit Blazer Ebony Hem,Blazer,L,1.1,A,Yes,Yes,Ebony,225,2.31,0.4938,2.4606,0.4073,0.00204,0.4148,3.2847,0
Parrot Relaxed-fit Blazer,Blazer,M,1.0,A,Yes,No,Undyed,225,2.1,0.4489,2.2369,0.3703,0,0.3771,2.9843,0
Parrot Relaxed-fit Blazer,Blazer,S,0.88,A,Yes,No,Undyed,225,1.848,0.395,1.9683,0.3258,0,0.3318,2.6259,0
Parrot Relaxed-fit Blazer,Blazer,L,1.1,A,Yes,No,Undyed,225,2.31,0.4938,2.4606,0.4073,0,0.4148,3.2827,0
Parrot Relaxed-fit Blazer,Blazer,XL,1.2,A,Yes,No,Undyed,225,2.52,0.5387,2.6843,0.4444,0,0.4525,3.5812,0
Men's Relaxed-fit Blazer in Ebony White,Blazer,S,0.88,A,Yes,Yes,Ebony,225,1.848,0.395,1.9683,0.3258,0.00163,0.3318,2.6275,0
Men's Relaxed-fit Blazer in Ebony White,Blazer,M,1.0,A,Yes,Yes,Ebony,225,2.1,0.4489,2.2369,0.3703,0.00185,0.3771,2.9861,0
Men's Relaxed-fit Blazer in Ebony White,Blazer,L,1.1,A,Yes,Yes,Ebony,225,2.31,0.4938,2.4606,0.4073,0.00204,0.4148,3.2847,0
Men's Relaxed-fit Blazer in Ebony White,Blazer,XL,1.2,A,Yes,Yes,Ebony,225,2.52,0.5387,2.6843,0.4444,0.00222,0.4525,3.5834,0
Men's Relaxed-fit Blazer in Deep Indigo,Blazer,XL,1.2,A,Yes,Yes,Indigo,225,2.52,0.5387,2.6843,0.4444,0.00222,0.4525,3.5834,0
Men's Relaxed-fit Blazer in Deep Indigo,Blazer,S,0.88,A,Yes,Yes,Indigo,225,1.848,0.395,1.9683,0.3258,0.00163,0.3318,2.6275,0
Men's Relaxed-fit Blazer in Deep Indigo,Blazer,M,1.0,A,Yes,Yes,Indigo,225,2.1,0.4489,2.2369,0.3703,0.00185,0.3771,2.9861,0
Men's Relaxed-fit Blazer in Deep Indigo,Blazer,L,1.1,A,Yes,Yes,Indigo,225,2.31,0.4938,2.4606,0.4073,0.00204,0.4148,3.2847,0
Men's Relaxed-fit Blazer in Deep Ebony,Blazer,XL,1.2,A,Yes,Yes,Ebony,225,2.52,0.5387,2.6843,0.4444,0.00222,0.4525,3.5834,0
Men's Relaxed-fit Blazer in Deep Ebony,Blazer,L,1.1,A,Yes,Yes,Ebony,225,2.31,0.4938,2.4606,0.4073,0.00204,0.4148,3.2847,0
Men's Relaxed-fit Blazer in Deep Ebony,Blazer,M,1.0,A,Yes,Yes,Ebony,225,2.1,0.4489,2.2369,0.3703,0.00185,0.3771,2.9861,0
Men's Relaxed-fit Blazer in Deep Ebony,Blazer,S,0.88,A,Yes,Yes,Ebony,225,1.848,0.395,1.9683,0.3258,0.00163,0.3318,2.6275,0
Men's Relaxed-fit Blazer in Buak Blue,Blazer,M,1.0,A,Yes,Yes,Buak/Indigo,225,2.1,0.4489,2.2369,0.3703,0.00185,0.3771,2.9861,0
Men's Relaxed-fit Blazer in Buak Blue,Blazer,S,0.88,A,Yes,Yes,Buak/Indigo,225,1.848,0.395,1.9683,0.3258,0.00163,0.3318,2.6275,0
Men's Relaxed-fit Blazer in Buak Blue,Blazer,L,1.1,A,Yes,Yes,Buak/Indigo,225,2.31,0.4938,2.4606,0.4073,0.00204,0.4148,3.2847,0
Men's Relaxed-fit Blazer in Buak Blue,Blazer,XL,1.2,A,Yes,Yes,Buak/Indigo,225,2.52,0.5387,2.6843,0.4444,0.00222,0.4525,3.5834,0
Indigenous Brown Relaxed-fit Collarless Blazer,Blazer,S,0.88,A,Yes,No,Undyed,225,1.848,0.395,1.9683,0.3258,0,0.3318,2.6259,0
Indigenous Brown Relaxed-fit Collarless Blazer,Blazer,M,1.0,A,Yes,No,Undyed,225,2.1,0.4489,2.2369,0.3703,0,0.3771,2.9843,0
Indigenous Brown Relaxed-fit Collarless Blazer,Blazer,L,1.1,A,Yes,No,Undyed,225,2.31,0.4938,2.4606,0.4073,0,0.4148,3.2827,0
Indigenous Brown Relaxed-fit Collarless Blazer,Blazer,XL,1.2,A,Yes,No,Undyed,225,2.52,0.5387,2.6843,0.4444,0,0.4525,3.5812,0
Ebony White Relaxed-fit Collarless Blazer,Blazer,XL,1.2,A,Yes,Yes,Ebony,225,2.52,0.5387,2.6843,0.4444,0.00222,0.4525,3.5834,0
Ebony White Relaxed-fit Collarless Blazer,Blazer,S,0.88,A,Yes,Yes,Ebony,225,1.848,0.395,1.9683,0.3258,0.00163,0.3318,2.6275,0
Ebony White Relaxed-fit Collarless Blazer,Blazer,M,1.0,A,Yes,Yes,Ebony,225,2.1,0.4489,2.2369,0.3703,0.00185,0.3771,2.9861,0
Ebony White Relaxed-fit Collarless Blazer,Blazer,L,1.1,A,Yes,Yes,Ebony,225,2.31,0.4938,2.4606,0.4073,0.00204,0.4148,3.2847,0
Ebony Checkered Relaxed-fit Blazer,Blazer,XL,1.2,A,Yes,Yes,Ebony,225,2.52,0.5387,2.6843,0.4444,0.00222,0.4525,3.5834,0
Ebony Checkered Relaxed-fit Blazer,Blazer,L,1.1,A,Yes,Yes,Ebony,225,2.31,0.4938,2.4606,0.4073,0.00204,0.4148,3.2847,0
Ebony Checkered Relaxed-fit Blazer,Blazer,M,1.0,A,Yes,Yes,Ebony,225,2.1,0.4489,2.2369,0.3703,0.00185,0.3771,2.9861,0
Ebony Checkered Relaxed-fit Blazer,Blazer,S,0.88,A,Yes,Yes,Ebony,225,1.848,0.395,1.9683,0.3258,0.00163,0.3318,2.6275,0
Closed-loop Relaxed-fit Collarless Blazer,Blazer,XL,1.2,B,Yes,No,SC GRAND natural,195,2.52,0.4668,2.3261,0.3851,0,0.3921,3.1033,0.5083
Closed-loop Relaxed-fit Collarless Blazer,Blazer,L,1.1,B,Yes,No,SC GRAND natural,195,2.31,0.4279,2.1322,0.353,0,0.3594,2.8446,0.466
Closed-loop Relaxed-fit Collarless Blazer,Blazer,M,1.0,B,Yes,No,SC GRAND natural,195,2.1,0.389,1.9384,0.3209,0,0.3268,2.5861,0.4236
Closed-loop Relaxed-fit Collarless Blazer,Blazer,S,0.88,B,Yes,No,SC GRAND natural,195,1.848,0.3423,1.7057,0.2824,0,0.2875,2.2756,0.3728
Closed-loop Relaxed-fit Blazer,Blazer,S,0.88,B,Yes,No,SC GRAND natural,195,1.848,0.3423,1.7057,0.2824,0,0.2875,2.2756,0.3728
Closed-loop Relaxed-fit Blazer,Blazer,XL,1.2,B,Yes,No,SC GRAND natural,195,2.52,0.4668,2.3261,0.3851,0,0.3921,3.1033,0.5083
Closed-loop Relaxed-fit Blazer,Blazer,L,1.1,B,Yes,No,SC GRAND natural,195,2.31,0.4279,2.1322,0.353,0,0.3594,2.8446,0.466
Closed-loop Relaxed-fit Blazer,Blazer,M,1.0,B,Yes,No,SC GRAND natural,195,2.1,0.389,1.9384,0.3209,0,0.3268,2.5861,0.4236
Buak Blue Relaxed-fit Collarless Blazer,Blazer,M,1.0,A,Yes,Yes,Buak/Indigo,225,2.1,0.4489,2.2369,0.3703,0.00185,0.3771,2.9861,0
Buak Blue Relaxed-fit Collarless Blazer,Blazer,S,0.88,A,Yes,Yes,Buak/Indigo,225,1.848,0.395,1.9683,0.3258,0.00163,0.3318,2.6275,0
Buak Blue Relaxed-fit Collarless Blazer,Blazer,L,1.1,A,Yes,Yes,Buak/Indigo,225,2.31,0.4938,2.4606,0.4073,0.00204,0.4148,3.2847,0
Buak Blue Relaxed-fit Collarless Blazer,Blazer,XL,1.2,A,Yes,Yes,Buak/Indigo,225,2.52,0.5387,2.6843,0.4444,0.00222,0.4525,3.5834,0
Buak Blue Relaxed-fit Blazer in Buak Blue,Blazer,S,0.88,A,Yes,Yes,Buak/Indigo,225,1.848,0.395,1.9683,0.3258,0.00163,0.3318,2.6275,0
Buak Blue Relaxed-fit Blazer in Buak Blue,Blazer,M,1.0,A,Yes,Yes,Buak/Indigo,225,2.1,0.4489,2.2369,0.3703,0.00185,0.3771,2.9861,0
Buak Blue Relaxed-fit Blazer in Buak Blue,Blazer,L,1.1,A,Yes,Yes,Buak/Indigo,225,2.31,0.4938,2.4606,0.4073,0.00204,0.4148,3.2847,0
Buak Blue Relaxed-fit Blazer in Buak Blue,Blazer,XL,1.2,A,Yes,Yes,Buak/Indigo,225,2.52,0.5387,2.6843,0.4444,0.00222,0.4525,3.5834,0
Comfort Blouse,Blouse,F,1.0,A,Yes,No,Undyed,160,1.3,0.1976,0.9846,0.163,0,0.166,1.3136,0
Women's Relaxed-fit Blazer  (Pre-order)',jackets,S,0.88,A,Yes,No,Undyed,225,1.848,0.395,1.9683,0.3258,0,0.3318,2.6259,0
Women's Relaxed-fit Blazer  (Pre-order)',jackets,M,1.0,A,Yes,No,Undyed,225,2.1,0.4489,2.2369,0.3703,0,0.3771,2.9843,0
Women's Relaxed-fit Blazer  (Pre-order)',jackets,L,1.1,A,Yes,No,Undyed,225,2.31,0.4938,2.4606,0.4073,0,0.4148,3.2827,0
Women's Relaxed-fit Blazer  (Pre-order)',jackets,XL,1.2,A,Yes,No,Undyed,225,2.52,0.5387,2.6843,0.4444,0,0.4525,3.5812,0
Loomline Batwing Cropped Blouse,Top,M,1.0,A,Yes,No,Undyed,130,1.0,0.1235,0.6154,0.1019,0,0.1037,0.8210,0
Parrot Loose-fit Band Collar Shortsleeve Shirt,Tank Top,S,0.88,A,Yes,No,Undyed,100,0.528,0.0502,0.2501,0.0414,0,0.0422,0.3337,0
Parrot Loose-fit Band Collar Shortsleeve Shirt,Tank Top,M,1.0,A,Yes,No,Undyed,100,0.6,0.057,0.2840,0.047,0,0.0479,0.3789,0
Parrot Loose-fit Band Collar Shortsleeve Shirt,Tank Top,L,1.1,A,Yes,No,Undyed,100,0.66,0.0627,0.3124,0.0517,0,0.0527,0.4168,0
Parrot Loose-fit Band Collar Shortsleeve Shirt,Tank Top,XL,1.2,A,Yes,No,Undyed,100,0.72,0.0684,0.3408,0.0564,0,0.0575,0.4547,0
Asymmetrical Patch Pocket Cargo Trousers (Pre-order)',Trousers,S,0.88,A,Yes,No,Undyed,160,2.464,0.3745,1.8661,0.3089,0,0.3146,2.4896,0
Asymmetrical Patch Pocket Cargo Trousers (Pre-order)',Trousers,M,1.0,A,Yes,No,Undyed,160,2.8,0.4256,2.1208,0.3511,0,0.3575,2.8294,0
Asymmetrical Patch Pocket Cargo Trousers (Pre-order)',Trousers,L,1.1,A,Yes,No,Undyed,160,3.08,0.4682,2.3330,0.3862,0,0.3933,3.1125,0
Asymmetrical Patch Pocket Cargo Trousers (Pre-order)',Trousers,XL,1.2,A,Yes,No,Undyed,160,3.36,0.5107,2.5448,0.4213,0,0.429,3.3951,0
Two-piece Vest',Vest,S,0.88,A,Yes,No,Undyed,160,0.792,0.1204,0.6000,0.0993,0,0.1011,0.8004,0
Two-piece Vest',Vest,M,1.0,A,Yes,No,Undyed,160,0.9,0.1368,0.6817,0.1128,0,0.1149,0.9094,0
Two-piece Vest',Vest,L,1.1,A,Yes,No,Undyed,160,0.99,0.1505,0.7499,0.1241,0,0.1264,1.0004,0
Two-piece Vest',Vest,XL,1.2,A,Yes,No,Undyed,160,1.08,0.1642,0.8182,0.1354,0,0.1379,1.0915,0
Two-piece Vest',Vest,XXL,1.3,A,Yes,No,Undyed,160,1.17,0.1778,0.8860,0.1467,0,0.1494,1.1821,0
Two Tone Sleeveless Mid-length Dress (Pre-order),Dress,M,1.0,A,Yes,No,Undyed,160,1.8,0.2736,1.3633,0.2257,0,0.2298,1.8188,0
Two Tone Sleeveless Mid-length Dress (Pre-order),Dress,L,1.1,A,Yes,No,Undyed,160,1.98,0.301,1.4999,0.2483,0,0.2528,2.0010,0
Two Tone Sleeveless Mid-length Dress (Pre-order),Dress,XL,1.2,A,Yes,No,Undyed,160,2.16,0.3283,1.6359,0.2708,0,0.2758,2.1825,0
Iconic Cuban Collar Jacket (Genderless) in Dark Ebony/Indigo,Shirt,S,0.88,A,Yes,Yes,Indigo,160,1.144,0.1739,0.8665,0.1435,0.00072,0.1461,1.1568,0
Iconic Cuban Collar Jacket (Genderless) in Dark Ebony/Indigo,Shirt,M,1.0,A,Yes,Yes,Indigo,160,1.3,0.1976,0.9846,0.163,0.00082,0.166,1.3144,0
Iconic Cuban Collar Jacket (Genderless) in Dark Ebony/Indigo,Shirt,L,1.1,A,Yes,Yes,Indigo,160,1.43,0.2174,1.0833,0.1793,0.0009,0.1826,1.4461,0
Iconic Cuban Collar Jacket (Genderless) in Dark Ebony/Indigo,Shirt,XL,1.2,A,Yes,Yes,Indigo,160,1.56,0.2371,1.1815,0.1956,0.00098,0.1992,1.5773,0
S Trousers (Genderless) (Pre-order)',Pants,S,0.88,A,Yes,No,Undyed,160,1.76,0.2675,1.3330,0.2207,0,0.2247,1.7784,0
S Trousers (Genderless) (Pre-order)',Pants,XL,1.2,A,Yes,No,Undyed,160,2.4,0.3648,1.8178,0.3009,0,0.3064,2.4251,0
S Trousers (Genderless) (Pre-order)',Pants,FREE-SIZE,1.0,A,Yes,No,Undyed,160,2.0,0.304,1.5148,0.2508,0,0.2554,2.0210,0
Two-way Blouse,Shirt,S,0.88,A,Yes,No,Undyed,160,1.144,0.1739,0.8665,0.1435,0,0.1461,1.1561,0
Two-way Blouse,Shirt,M,1.0,A,Yes,No,Undyed,160,1.3,0.1976,0.9846,0.163,0,0.166,1.3136,0
Two-way Blouse,Shirt,L,1.1,A,Yes,No,Undyed,160,1.43,0.2174,1.0833,0.1793,0,0.1826,1.4452,0
Two-way Blouse,Shirt,XL,1.2,A,Yes,No,Undyed,160,1.56,0.2371,1.1815,0.1956,0,0.1992,1.5763,0
Peter Pan Collar Loose Blouse,Shirt,F,1.0,A,Yes,No,Undyed,160,1.3,0.1976,0.9846,0.163,0,0.166,1.3136,0
Women's Relaxed-fit Collarless Blazer (Pre-order)',jackets,S,0.88,A,Yes,No,Undyed,225,1.848,0.395,1.9683,0.3258,0,0.3318,2.6259,0
Women's Relaxed-fit Collarless Blazer (Pre-order)',jackets,M,1.0,A,Yes,No,Undyed,225,2.1,0.4489,2.2369,0.3703,0,0.3771,2.9843,0
Women's Relaxed-fit Collarless Blazer (Pre-order)',jackets,L,1.1,A,Yes,No,Undyed,225,2.31,0.4938,2.4606,0.4073,0,0.4148,3.2827,0
Women's Relaxed-fit Collarless Blazer (Pre-order)',jackets,XL,1.2,A,Yes,No,Undyed,225,2.52,0.5387,2.6843,0.4444,0,0.4525,3.5812,0
Men’s *NEW* Relaxed-fit Mandarin Collar Longsleeve Shirt,Shirt,S,0.88,A,Yes,No,Undyed,160,1.144,0.1739,0.8665,0.1435,0,0.1461,1.1561,0
Men’s *NEW* Relaxed-fit Mandarin Collar Longsleeve Shirt,Shirt,M,1.0,A,Yes,No,Undyed,160,1.3,0.1976,0.9846,0.163,0,0.166,1.3136,0
Men’s *NEW* Relaxed-fit Mandarin Collar Longsleeve Shirt,Shirt,L,1.1,A,Yes,No,Undyed,160,1.43,0.2174,1.0833,0.1793,0,0.1826,1.4452,0
Men’s *NEW* Relaxed-fit Mandarin Collar Longsleeve Shirt,Shirt,XL,1.2,A,Yes,No,Undyed,160,1.56,0.2371,1.1815,0.1956,0,0.1992,1.5763,0
Genderless Cuban Collar Shortsleeve Shirt in Natural Brown,Shirt,S,0.88,A,Yes,No,Natural,160,1.144,0.1739,0.8665,0.1435,0,0.1461,1.1561,0
Genderless Cuban Collar Shortsleeve Shirt in Natural Brown,Shirt,M,1.0,A,Yes,No,Natural,160,1.3,0.1976,0.9846,0.163,0,0.166,1.3136,0
Genderless Cuban Collar Shortsleeve Shirt in Natural Brown,Shirt,L,1.1,A,Yes,No,Natural,160,1.43,0.2174,1.0833,0.1793,0,0.1826,1.4452,0
Genderless Cuban Collar Shortsleeve Shirt in Natural Brown,Shirt,XL,1.2,A,Yes,No,Natural,160,1.56,0.2371,1.1815,0.1956,0,0.1992,1.5763,0
Tuck Shorts (Genderless) in Enmon Green,Trousers,S,0.88,A,Yes,Yes,Enmon,160,2.464,0.3745,1.8661,0.3089,0.00155,0.3146,2.4912,0
Tuck Shorts (Genderless) in Enmon Green,Trousers,M,1.0,A,Yes,Yes,Enmon,160,2.8,0.4256,2.1208,0.3511,0.00176,0.3575,2.8312,0
Tuck Shorts (Genderless) in Enmon Green,Trousers,L,1.1,A,Yes,Yes,Enmon,160,3.08,0.4682,2.3330,0.3862,0.00193,0.3933,3.1144,0
Tuck Shorts (Genderless) in Enmon Green,Trousers,XL,1.2,A,Yes,Yes,Enmon,160,3.36,0.5107,2.5448,0.4213,0.00211,0.429,3.3972,0
Capped Sleeve Layered Back Top (Pre-order)',Top,S,0.88,A,Yes,Yes,Huchang-Red,130,0.88,0.1087,0.5417,0.0897,0.00045,0.0913,0.7231,0
Capped Sleeve Layered Back Top (Pre-order)',Top,M,1.0,A,Yes,Yes,Huchang-Red,130,1.0,0.1235,0.6154,0.1019,0.00051,0.1037,0.8215,0
Capped Sleeve Layered Back Top (Pre-order)',Top,L,1.1,A,Yes,Yes,Huchang-Red,130,1.1,0.1358,0.6767,0.112,0.00056,0.1141,0.9034,0
Capped Sleeve Layered Back Top (Pre-order)',Top,XL,1.2,A,Yes,Yes,Huchang-Red,130,1.2,0.1482,0.7385,0.1223,0.00061,0.1245,0.9859,0
Button Overshirt,Blouse,M,1.0,A,Yes,No,Undyed,160,1.3,0.1976,0.9846,0.163,0,0.166,1.3136,0
Button Overshirt,Blouse,L,1.1,A,Yes,No,Undyed,160,1.43,0.2174,1.0833,0.1793,0,0.1826,1.4452,0
Button Overshirt,Blouse,XL,1.2,A,Yes,No,Undyed,160,1.56,0.2371,1.1815,0.1956,0,0.1992,1.5763,0
Young Lady's Balloon Dress,Dress,F,1.0,A,Yes,No,Undyed,160,1.8,0.2736,1.3633,0.2257,0,0.2298,1.8188,0
Grandma Jok's Four Treadle Weave Shawl *New*,Shawl,S,0.88,A,No,No,Undyed,100,0.88,0.0836,0.4166,0.069,0,0,0.4856,0
Tank Top (Breeze) (Pre-order)',Tank Top,M,1.0,A,Yes,No,Undyed,100,0.6,0.057,0.2840,0.047,0,0.0479,0.3789,0
Tank Top (Breeze) (Pre-order)',Tank Top,L,1.1,A,Yes,No,Undyed,100,0.66,0.0627,0.3124,0.0517,0,0.0527,0.4168,0
Tank Top (Breeze) (Pre-order)',Tank Top,XL,1.2,A,Yes,No,Undyed,100,0.72,0.0684,0.3408,0.0564,0,0.0575,0.4547,0
Tuck Trousers (Genderless) in White-Ebony,Trousers,S,0.88,A,Yes,Yes,Ebony,160,2.464,0.3745,1.8661,0.3089,0.00155,0.3146,2.4912,0
Tuck Trousers (Genderless) in White-Ebony,Trousers,M,1.0,A,Yes,Yes,Ebony,160,2.8,0.4256,2.1208,0.3511,0.00176,0.3575,2.8312,0
Tuck Trousers (Genderless) in White-Ebony,Trousers,L,1.1,A,Yes,Yes,Ebony,160,3.08,0.4682,2.3330,0.3862,0.00193,0.3933,3.1144,0
Tuck Trousers (Genderless) in White-Ebony,Trousers,XL,1.2,A,Yes,Yes,Ebony,160,3.36,0.5107,2.5448,0.4213,0.00211,0.429,3.3972,0
Men's Relaxed Fit Spread Collar 'Penguin' Longsleeve Shirt,Shirt,S,0.88,A,Yes,No,Undyed,160,1.144,0.1739,0.8665,0.1435,0,0.1461,1.1561,0
Men's Relaxed Fit Spread Collar 'Penguin' Longsleeve Shirt,Shirt,M,1.0,A,Yes,No,Undyed,160,1.3,0.1976,0.9846,0.163,0,0.166,1.3136,0
Men's Relaxed Fit Spread Collar 'Penguin' Longsleeve Shirt,Shirt,L,1.1,A,Yes,No,Undyed,160,1.43,0.2174,1.0833,0.1793,0,0.1826,1.4452,0
Men's Relaxed Fit Spread Collar 'Penguin' Longsleeve Shirt,Shirt,XL,1.2,A,Yes,No,Undyed,160,1.56,0.2371,1.1815,0.1956,0,0.1992,1.5763,0
Men's *New* Relaxed Fit Mandarin Collar Shortsleeve Shirt,Shirt,S,0.88,A,Yes,No,Undyed,160,1.144,0.1739,0.8665,0.1435,0,0.1461,1.1561,0
Men's *New* Relaxed Fit Mandarin Collar Shortsleeve Shirt,Shirt,M,1.0,A,Yes,No,Undyed,160,1.3,0.1976,0.9846,0.163,0,0.166,1.3136,0
Men's *New* Relaxed Fit Mandarin Collar Shortsleeve Shirt,Shirt,L,1.1,A,Yes,No,Undyed,160,1.43,0.2174,1.0833,0.1793,0,0.1826,1.4452,0
Men's *New* Relaxed Fit Mandarin Collar Shortsleeve Shirt,Shirt,XL,1.2,A,Yes,No,Undyed,160,1.56,0.2371,1.1815,0.1956,0,0.1992,1.5763,0
Khunloei's Shawls - Jae Yor,Scarf,F,1.0,A,No,No,Undyed,100,0.9,0.0855,0.4260,0.0705,0,0,0.4965,0
Closed-loop Tie-up Shortsleeve Blouse (Pre-order)',Shirt,S,0.88,B,Yes,No,SC GRAND natural,130,1.144,0.1413,0.7041,0.1166,0,0.1187,0.9394,0.1539
Closed-loop Tie-up Shortsleeve Blouse (Pre-order)',Shirt,M,1.0,B,Yes,No,SC GRAND natural,130,1.3,0.1605,0.7998,0.1324,0,0.1348,1.0670,0.1748
Closed-loop Tie-up Shortsleeve Blouse (Pre-order)',Shirt,L,1.1,B,Yes,No,SC GRAND natural,130,1.43,0.1766,0.8800,0.1457,0,0.1483,1.1740,0.1923
Closed-loop Tie-up Shortsleeve Blouse (Pre-order)',Shirt,XL,1.2,B,Yes,No,SC GRAND natural,130,1.56,0.1927,0.9602,0.159,0,0.1619,1.2811,0.2099
Asymmetrical Wrap Skirt (Pre-order)',Skirt,S,0.88,A,Yes,No,Undyed,160,1.232,0.1873,0.9333,0.1545,0,0.1573,1.2451,0
Asymmetrical Wrap Skirt (Pre-order)',Skirt,M,1.0,A,Yes,No,Undyed,160,1.4,0.2128,1.0604,0.1755,0,0.1788,1.4147,0
Asymmetrical Wrap Skirt (Pre-order)',Skirt,L,1.1,A,Yes,No,Undyed,160,1.54,0.2341,1.1665,0.1931,0,0.1966,1.5562,0
Asymmetrical Wrap Skirt (Pre-order)',Skirt,XL,1.2,A,Yes,No,Undyed,160,1.68,0.2554,1.2727,0.2107,0,0.2145,1.6979,0
Penguin Loose-fit Longsleeve Shirt (Pre-order)',Tank Top,S,0.88,A,Yes,No,Undyed,100,0.528,0.0502,0.2501,0.0414,0,0.0422,0.3337,0
Penguin Loose-fit Longsleeve Shirt (Pre-order)',Tank Top,M,1.0,A,Yes,No,Undyed,100,0.6,0.057,0.2840,0.047,0,0.0479,0.3789,0
Penguin Loose-fit Longsleeve Shirt (Pre-order)',Tank Top,L,1.1,A,Yes,No,Undyed,100,0.66,0.0627,0.3124,0.0517,0,0.0527,0.4168,0
Penguin Loose-fit Longsleeve Shirt (Pre-order)',Tank Top,XL,1.2,A,Yes,No,Undyed,100,0.72,0.0684,0.3408,0.0564,0,0.0575,0.4547,0
Penguin Loose-fit Shortsleeve Shirt (Pre-order),Tank Top,S,0.88,A,Yes,No,Undyed,100,0.528,0.0502,0.2501,0.0414,0,0.0422,0.3337,0
Penguin Loose-fit Shortsleeve Shirt (Pre-order),Tank Top,M,1.0,A,Yes,No,Undyed,100,0.6,0.057,0.2840,0.047,0,0.0479,0.3789,0
Penguin Loose-fit Shortsleeve Shirt (Pre-order),Tank Top,L,1.1,A,Yes,No,Undyed,100,0.66,0.0627,0.3124,0.0517,0,0.0527,0.4168,0
Penguin Loose-fit Shortsleeve Shirt (Pre-order),Tank Top,XL,1.2,A,Yes,No,Undyed,100,0.72,0.0684,0.3408,0.0564,0,0.0575,0.4547,0
Side Button Overshirt,Blouse,M,1.0,A,Yes,No,Undyed,160,1.3,0.1976,0.9846,0.163,0,0.166,1.3136,0
Side Button Overshirt,Blouse,L,1.1,A,Yes,No,Undyed,160,1.43,0.2174,1.0833,0.1793,0,0.1826,1.4452,0
Side Button Overshirt,Blouse,XL,1.2,A,Yes,No,Undyed,160,1.56,0.2371,1.1815,0.1956,0,0.1992,1.5763,0
Single Strap Dress in White/Red Stripe,Dress,S,0.88,A,Yes,Yes,Huchang-Red,160,1.584,0.2408,1.1999,0.1986,0.00099,0.2023,1.6018,0
Single Strap Dress in White/Red Stripe,Dress,M,1.0,A,Yes,Yes,Huchang-Red,160,1.8,0.2736,1.3633,0.2257,0.00113,0.2298,1.8199,0
Single Strap Dress in White/Red Stripe,Dress,L,1.1,A,Yes,Yes,Huchang-Red,160,1.98,0.301,1.4999,0.2483,0.00124,0.2528,2.0022,0
Single Strap Dress in White/Red Stripe,Dress,XL,1.2,A,Yes,Yes,Huchang-Red,160,2.16,0.3283,1.6359,0.2708,0.00136,0.2758,2.1839,0
Sleeveless Back Ribbon Halterneck Top',Tank Top,S,0.88,A,Yes,No,Undyed,100,0.528,0.0502,0.2501,0.0414,0,0.0422,0.3337,0
Sleeveless Back Ribbon Halterneck Top',Tank Top,M,1.0,A,Yes,No,Undyed,100,0.6,0.057,0.2840,0.047,0,0.0479,0.3789,0
Sleeveless Back Ribbon Halterneck Top',Tank Top,L,1.1,A,Yes,No,Undyed,100,0.66,0.0627,0.3124,0.0517,0,0.0527,0.4168,0
Sleeveless Back Ribbon Halterneck Top',Tank Top,XL,1.2,A,Yes,No,Undyed,100,0.72,0.0684,0.3408,0.0564,0,0.0575,0.4547,0
Double Pockets Shorts (Pre-order)',Trousers,S,0.88,A,Yes,No,Undyed,160,2.464,0.3745,1.8661,0.3089,0,0.3146,2.4896,0
Double Pockets Shorts (Pre-order)',Trousers,M,1.0,A,Yes,No,Undyed,160,2.8,0.4256,2.1208,0.3511,0,0.3575,2.8294,0
Double Pockets Shorts (Pre-order)',Trousers,L,1.1,A,Yes,No,Undyed,160,3.08,0.4682,2.3330,0.3862,0,0.3933,3.1125,0
Double Pockets Shorts (Pre-order)',Trousers,XL,1.2,A,Yes,No,Undyed,160,3.36,0.5107,2.5448,0.4213,0,0.429,3.3951,0
Georgia's 6 Panel Skirt,Skirt,S,0.88,A,Yes,No,Undyed,160,1.232,0.1873,0.9333,0.1545,0,0.1573,1.2451,0
Georgia's 6 Panel Skirt,Skirt,M,1.0,A,Yes,No,Undyed,160,1.4,0.2128,1.0604,0.1755,0,0.1788,1.4147,0
Georgia's 6 Panel Skirt,Skirt,L,1.1,A,Yes,No,Undyed,160,1.54,0.2341,1.1665,0.1931,0,0.1966,1.5562,0
Georgia's 6 Panel Skirt,Skirt,XL,1.2,A,Yes,No,Undyed,160,1.68,0.2554,1.2727,0.2107,0,0.2145,1.6979,0
Double Pockets Wide Trousers',Trousers,S,0.88,A,Yes,No,Undyed,160,2.464,0.3745,1.8661,0.3089,0,0.3146,2.4896,0
Double Pockets Wide Trousers',Trousers,M,1.0,A,Yes,No,Undyed,160,2.8,0.4256,2.1208,0.3511,0,0.3575,2.8294,0
Double Pockets Wide Trousers',Trousers,L,1.1,A,Yes,No,Undyed,160,3.08,0.4682,2.3330,0.3862,0,0.3933,3.1125,0
Double Pockets Wide Trousers',Trousers,XL,1.2,A,Yes,No,Undyed,160,3.36,0.5107,2.5448,0.4213,0,0.429,3.3951,0
Closed-loop Layered-back Tee (Genderless) (Pre-order)',Blouse,M,1.0,B,Yes,Yes,Huchang-Red,130,1.3,0.1605,0.7998,0.1324,0.00066,0.1348,1.0677,0.1748
Closed-loop Layered-back Tee (Genderless) (Pre-order)',Blouse,L,1.1,B,Yes,Yes,Huchang-Red,130,1.43,0.1766,0.8800,0.1457,0.00073,0.1483,1.1747,0.1923
Closed-loop Layered-back Tee (Genderless) (Pre-order)',Blouse,XL,1.2,B,Yes,Yes,Huchang-Red,130,1.56,0.1927,0.9602,0.159,0.0008,0.1619,1.2819,0.2099
Sleeveless Halterneck Top (Pre-order)',Tank Top,S,0.88,A,Yes,No,Undyed,100,0.528,0.0502,0.2501,0.0414,0,0.0422,0.3337,0
Sleeveless Halterneck Top (Pre-order)',Tank Top,M,1.0,A,Yes,No,Undyed,100,0.6,0.057,0.2840,0.047,0,0.0479,0.3789,0
Sleeveless Halterneck Top (Pre-order)',Tank Top,L,1.1,A,Yes,No,Undyed,100,0.66,0.0627,0.3124,0.0517,0,0.0527,0.4168,0
Sleeveless Halterneck Top (Pre-order)',Tank Top,XL,1.2,A,Yes,No,Undyed,100,0.72,0.0684,0.3408,0.0564,0,0.0575,0.4547,0
Cropped Wide Trousers (Pre-order)',Trousers,S,0.88,A,Yes,No,Undyed,160,2.464,0.3745,1.8661,0.3089,0,0.3146,2.4896,0
Cropped Wide Trousers (Pre-order)',Trousers,M,1.0,A,Yes,No,Undyed,160,2.8,0.4256,2.1208,0.3511,0,0.3575,2.8294,0
Cropped Wide Trousers (Pre-order)',Trousers,L,1.1,A,Yes,No,Undyed,160,3.08,0.4682,2.3330,0.3862,0,0.3933,3.1125,0
Cropped Wide Trousers (Pre-order)',Trousers,XL,1.2,A,Yes,No,Undyed,160,3.36,0.5107,2.5448,0.4213,0,0.429,3.3951,0
"Split Mid-sleeve Blouse ""Pony"" (Pre-order)",Shirt,S,0.88,A,Yes,No,Undyed,160,1.144,0.1739,0.8665,0.1435,0,0.1461,1.1561,0
"Split Mid-sleeve Blouse ""Pony"" (Pre-order)",Shirt,M,1.0,A,Yes,No,Undyed,160,1.3,0.1976,0.9846,0.163,0,0.166,1.3136,0
"Split Mid-sleeve Blouse ""Pony"" (Pre-order)",Shirt,L,1.1,A,Yes,No,Undyed,160,1.43,0.2174,1.0833,0.1793,0,0.1826,1.4452,0
"Split Mid-sleeve Blouse ""Pony"" (Pre-order)",Shirt,XL,1.2,A,Yes,No,Undyed,160,1.56,0.2371,1.1815,0.1956,0,0.1992,1.5763,0
"Split Mid-sleeve Blouse ""Pony"" (Pre-order)",Shirt,XXL,1.3,A,Yes,No,Undyed,160,1.69,0.2569,1.2801,0.2119,0,0.2158,1.7078,0
"Split Mid-sleeve Blouse ""Pony"" (Pre-order)",Shirt,XXXL,1.4,A,Yes,No,Undyed,160,1.82,0.2766,1.3783,0.2282,0,0.2323,1.8388,0
Cullotte Shorts (Pre-order)',Trousers,S,0.88,A,Yes,No,Undyed,160,2.464,0.3745,1.8661,0.3089,0,0.3146,2.4896,0
Cullotte Shorts (Pre-order)',Trousers,M,1.0,A,Yes,No,Undyed,160,2.8,0.4256,2.1208,0.3511,0,0.3575,2.8294,0
Cullotte Shorts (Pre-order)',Trousers,L,1.1,A,Yes,No,Undyed,160,3.08,0.4682,2.3330,0.3862,0,0.3933,3.1125,0
R-Muay Side Button Blouse W/Br,Blouse,M,1.0,A,Yes,Yes,Ebony/White,160,1.3,0.1976,0.9846,0.163,0.00082,0.166,1.3144,0
R-Muay Side Button Blouse W/Br,Blouse,L,1.1,A,Yes,Yes,Ebony/White,160,1.43,0.2174,1.0833,0.1793,0.0009,0.1826,1.4461,0
R-Muay Side Button Blouse W/Br,Blouse,XL,1.2,A,Yes,Yes,Ebony/White,160,1.56,0.2371,1.1815,0.1956,0.00098,0.1992,1.5773,0
U Neck  Tank Tops Brown,Tank Top,S,0.88,A,Yes,No,Undyed,100,0.528,0.0502,0.2501,0.0414,0,0.0422,0.3337,0
U Neck  Tank Tops Brown,Tank Top,M,1.0,A,Yes,No,Undyed,100,0.6,0.057,0.2840,0.047,0,0.0479,0.3789,0
U Neck  Tank Tops Brown,Tank Top,L,1.1,A,Yes,No,Undyed,100,0.66,0.0627,0.3124,0.0517,0,0.0527,0.4168,0
U Neck  Tank Tops Brown,Tank Top,XL,1.2,A,Yes,No,Undyed,100,0.72,0.0684,0.3408,0.0564,0,0.0575,0.4547,0
Layered-back Camisole (Pre-order)',Shirt,S,0.88,A,Yes,Yes,Huchang-Red,160,1.144,0.1739,0.8665,0.1435,0.00072,0.1461,1.1568,0
Layered-back Camisole (Pre-order)',Shirt,M,1.0,A,Yes,Yes,Huchang-Red,160,1.3,0.1976,0.9846,0.163,0.00082,0.166,1.3144,0
Layered-back Camisole (Pre-order)',Shirt,L,1.1,A,Yes,Yes,Huchang-Red,160,1.43,0.2174,1.0833,0.1793,0.0009,0.1826,1.4461,0
Layered-back Camisole (Pre-order)',Shirt,XL,1.2,A,Yes,Yes,Huchang-Red,160,1.56,0.2371,1.1815,0.1956,0.00098,0.1992,1.5773,0
U Neck Tee Blouse White,Blouse,S,0.88,A,Yes,No,Undyed,160,1.144,0.1739,0.8665,0.1435,0,0.1461,1.1561,0
U Neck Tee Blouse White,Blouse,M,1.0,A,Yes,No,Undyed,160,1.3,0.1976,0.9846,0.163,0,0.166,1.3136,0
U Neck Tee Blouse White,Blouse,L,1.1,A,Yes,No,Undyed,160,1.43,0.2174,1.0833,0.1793,0,0.1826,1.4452,0
U Neck Tee Blouse White,Blouse,XL,1.2,A,Yes,No,Undyed,160,1.56,0.2371,1.1815,0.1956,0,0.1992,1.5763,0
Cullottes (Pre-order)',Trousers,S,0.88,A,Yes,No,Undyed,160,2.464,0.3745,1.8661,0.3089,0,0.3146,2.4896,0
Cullottes (Pre-order)',Trousers,M,1.0,A,Yes,No,Undyed,160,2.8,0.4256,2.1208,0.3511,0,0.3575,2.8294,0
Cullottes (Pre-order)',Trousers,L,1.1,A,Yes,No,Undyed,160,3.08,0.4682,2.3330,0.3862,0,0.3933,3.1125,0
Organic & Natural Brown Cotton /Meter,Fabric,F,1.0,A,No,No,Natural,160,1.0,0.152,0.7574,0.1254,0,0,0.8828,0
Organic & Natural White Cotton /Meter,Fabric,F,1.0,A,No,No,Undyed,160,1.0,0.152,0.7574,0.1254,0,0,0.8828,0
Organic & Natural Handspun Cotton Assorted Solids,Fabric,F,1.0,A,No,No,Undyed,160,1.0,0.152,0.7574,0.1254,0,0,0.8828,0
Organic & Natural Handspun Cotton Plaids & Stripes,Fabric,F,1.0,A,No,No,Undyed,160,1.0,0.152,0.7574,0.1254,0,0,0.8828,0
Cropped Top in Natural White,Top,M,1.0,A,Yes,No,Undyed,130,1.0,0.1235,0.6154,0.1019,0,0.1037,0.8210,0
Cropped Top in Natural White,Top,L,1.1,A,Yes,No,Undyed,130,1.1,0.1358,0.6767,0.112,0,0.1141,0.9028,0
Cropped Top in Natural White,Top,XL,1.2,A,Yes,No,Undyed,130,1.2,0.1482,0.7385,0.1223,0,0.1245,0.9853,0
Light Blouse in Natural White,Blouse,M,1.0,A,Yes,No,Undyed,160,1.3,0.1976,0.9846,0.163,0,0.166,1.3136,0
Light Blouse in Natural White,Blouse,L,1.1,A,Yes,No,Undyed,160,1.43,0.2174,1.0833,0.1793,0,0.1826,1.4452,0
Light Blouse in Natural White,Blouse,XL,1.2,A,Yes,No,Undyed,160,1.56,0.2371,1.1815,0.1956,0,0.1992,1.5763,0
Signature Skirt (Pre-order)',Skirt,S,0.88,A,Yes,No,Undyed,160,1.232,0.1873,0.9333,0.1545,0,0.1573,1.2451,0
Signature Skirt (Pre-order)',Skirt,M,1.0,A,Yes,No,Undyed,160,1.4,0.2128,1.0604,0.1755,0,0.1788,1.4147,0
Men's Relaxed-fit Blazer in Natural Brown,jackets,S,0.88,A,Yes,No,Natural,225,1.848,0.395,1.9683,0.3258,0,0.3318,2.6259,0
Men's Relaxed-fit Blazer in Natural Brown,jackets,M,1.0,A,Yes,No,Natural,225,2.1,0.4489,2.2369,0.3703,0,0.3771,2.9843,0
Men's Relaxed-fit Blazer in Natural Brown,jackets,L,1.1,A,Yes,No,Natural,225,2.31,0.4938,2.4606,0.4073,0,0.4148,3.2827,0
Men's Relaxed-fit Blazer in Natural Brown,jackets,XL,1.2,A,Yes,No,Natural,225,2.52,0.5387,2.6843,0.4444,0,0.4525,3.5812,0
Couch Throw (Pre-order),Throw,F,1.0,A,No,No,Undyed,225,2.0,0.4275,2.1302,0.3526,0,0,2.4828,0
V-neck Tank Top in Natural White,Tank Top,M,1.0,A,Yes,No,Undyed,100,0.6,0.057,0.2840,0.047,0,0.0479,0.3789,0
V-neck Tank Top in Natural White,Tank Top,L,1.1,A,Yes,No,Undyed,100,0.66,0.0627,0.3124,0.0517,0,0.0527,0.4168,0
V-neck Tank Top in Natural White,Tank Top,XL,1.2,A,Yes,No,Undyed,100,0.72,0.0684,0.3408,0.0564,0,0.0575,0.4547,0
Relaxed-fit Midi Skirt (Pre-order),Skirt,S,0.88,A,Yes,No,Undyed,160,1.232,0.1873,0.9333,0.1545,0,0.1573,1.2451,0
Relaxed-fit Midi Skirt (Pre-order),Skirt,M,1.0,A,Yes,No,Undyed,160,1.4,0.2128,1.0604,0.1755,0,0.1788,1.4147,0
Relaxed-fit Midi Skirt (Pre-order),Skirt,L,1.1,A,Yes,No,Undyed,160,1.54,0.2341,1.1665,0.1931,0,0.1966,1.5562,0
Relaxed-fit Midi Skirt (Pre-order),Skirt,XL,1.2,A,Yes,No,Undyed,160,1.68,0.2554,1.2727,0.2107,0,0.2145,1.6979,0
Relaxed-fit Midi Skirt (Pre-order),Skirt,XXL,1.3,A,Yes,No,Undyed,160,1.82,0.2766,1.3783,0.2282,0,0.2323,1.8388,0
Puff-sleeve Cropped Jacket (Pre-order)',Shirt,F,1.0,A,Yes,No,Undyed,160,1.3,0.1976,0.9846,0.163,0,0.166,1.3136,0
Drawstring Shorts - Patch Pocket  (Pre-order)',Pants,M,1.0,A,Yes,No,Undyed,160,2.0,0.304,1.5148,0.2508,0,0.2554,2.0210,0
Drawstring Shorts - Patch Pocket  (Pre-order)',Pants,L,1.1,A,Yes,No,Undyed,160,2.2,0.3344,1.6663,0.2758,0,0.2809,2.2230,0
Weekend Drawstring Shorts',Pants,M,1.0,A,Yes,No,Undyed,160,2.0,0.304,1.5148,0.2508,0,0.2554,2.0210,0
Weekend Drawstring Shorts',Pants,L,1.1,A,Yes,No,Undyed,160,2.2,0.3344,1.6663,0.2758,0,0.2809,2.2230,0
Cardigan in Natural Brown,Blouse,F,1.0,A,Yes,No,Natural,160,1.3,0.1976,0.9846,0.163,0,0.166,1.3136,0
Tuck Trousers (Women's) in Ebony Brown White,Trousers,S,0.88,A,Yes,Yes,Ebony,160,2.464,0.3745,1.8661,0.3089,0.00155,0.3146,2.4912,0
Tuck Trousers (Women's) in Ebony Brown White,Trousers,M,1.0,A,Yes,Yes,Ebony,160,2.8,0.4256,2.1208,0.3511,0.00176,0.3575,2.8312,0
Tuck Trousers (Women's) in Ebony Brown White,Trousers,L,1.1,A,Yes,Yes,Ebony,160,3.08,0.4682,2.3330,0.3862,0.00193,0.3933,3.1144,0
Tuck Trousers (Women's) in Ebony Brown White,Trousers,XL,1.2,A,Yes,Yes,Ebony,160,3.36,0.5107,2.5448,0.4213,0.00211,0.429,3.3972,0
Genderless Yukata in Natural White,Shirt,S,0.88,A,Yes,No,Undyed,160,1.144,0.1739,0.8665,0.1435,0,0.1461,1.1561,0
Genderless Yukata in Natural White,Shirt,M,1.0,A,Yes,No,Undyed,160,1.3,0.1976,0.9846,0.163,0,0.166,1.3136,0
Genderless Yukata in Natural White,Shirt,L,1.1,A,Yes,No,Undyed,160,1.43,0.2174,1.0833,0.1793,0,0.1826,1.4452,0
Tuck Shorts (Women's) (Pre-order)',Trousers,S,0.88,A,Yes,No,Undyed,160,2.464,0.3745,1.8661,0.3089,0,0.3146,2.4896,0
Tuck Shorts (Women's) (Pre-order)',Trousers,M,1.0,A,Yes,No,Undyed,160,2.8,0.4256,2.1208,0.3511,0,0.3575,2.8294,0
Tuck Shorts (Women's) (Pre-order)',Trousers,L,1.1,A,Yes,No,Undyed,160,3.08,0.4682,2.3330,0.3862,0,0.3933,3.1125,0
Tuck Shorts (Women's) (Pre-order)',Trousers,XL,1.2,A,Yes,No,Undyed,160,3.36,0.5107,2.5448,0.4213,0,0.429,3.3951,0
Coat Dress (Pre-order)',Dress,M,1.0,A,Yes,No,Undyed,160,1.8,0.2736,1.3633,0.2257,0,0.2298,1.8188,0
Coat Dress (Pre-order)',Dress,L,1.1,A,Yes,No,Undyed,160,1.98,0.301,1.4999,0.2483,0,0.2528,2.0010,0
Coat Dress (Pre-order)',Dress,XL,1.2,A,Yes,No,Undyed,160,2.16,0.3283,1.6359,0.2708,0,0.2758,2.1825,0
Cropped Loose Trousers in Natural White,Trousers,M,1.0,A,Yes,No,Undyed,160,2.8,0.4256,2.1208,0.3511,0,0.3575,2.8294,0
Cropped Loose Trousers in Natural White,Trousers,L,1.1,A,Yes,No,Undyed,160,3.08,0.4682,2.3330,0.3862,0,0.3933,3.1125,0
Maxi Skirt (Pre-order)',Skirt,S,0.88,A,Yes,No,Undyed,160,1.232,0.1873,0.9333,0.1545,0,0.1573,1.2451,0
Maxi Skirt (Pre-order)',Skirt,M,1.0,A,Yes,No,Undyed,160,1.4,0.2128,1.0604,0.1755,0,0.1788,1.4147,0
Maxi Skirt (Pre-order)',Skirt,L,1.1,A,Yes,No,Undyed,160,1.54,0.2341,1.1665,0.1931,0,0.1966,1.5562,0
The New Blazer in Natural White,jackets,S,0.88,A,Yes,No,Undyed,225,1.848,0.395,1.9683,0.3258,0,0.3318,2.6259,0
The New Blazer in Natural White,jackets,M,1.0,A,Yes,No,Undyed,225,2.1,0.4489,2.2369,0.3703,0,0.3771,2.9843,0
The New Blazer in Natural White,jackets,L,1.1,A,Yes,No,Undyed,225,2.31,0.4938,2.4606,0.4073,0,0.4148,3.2827,0
The New Blazer in Natural White,jackets,XL,1.2,A,Yes,No,Undyed,225,2.52,0.5387,2.6843,0.4444,0,0.4525,3.5812,0
Jogger Pants (Pre-order)',Trousers,M,1.0,A,Yes,No,Undyed,160,2.8,0.4256,2.1208,0.3511,0,0.3575,2.8294,0
Jogger Pants (Pre-order)',Trousers,L,1.1,A,Yes,No,Undyed,160,3.08,0.4682,2.3330,0.3862,0,0.3933,3.1125,0
Jogger Pants (Pre-order)',Trousers,XL,1.2,A,Yes,No,Undyed,160,3.36,0.5107,2.5448,0.4213,0,0.429,3.3951,0
Pants Bags in White/Brown Ebony,Trousers,M,1.0,A,Yes,Yes,Ebony,160,2.8,0.4256,2.1208,0.3511,0.00176,0.3575,2.8312,0
Pants Bags in White/Brown Ebony,Trousers,L,1.1,A,Yes,Yes,Ebony,160,3.08,0.4682,2.3330,0.3862,0.00193,0.3933,3.1144,0
Tuck Sleeveless Blouse,Blouse,S,0.88,A,Yes,No,Undyed,160,1.144,0.1739,0.8665,0.1435,0,0.1461,1.1561,0
Tuck Sleeveless Blouse,Blouse,M,1.0,A,Yes,No,Undyed,160,1.3,0.1976,0.9846,0.163,0,0.166,1.3136,0
Tuck Sleeveless Blouse,Blouse,L,1.1,A,Yes,No,Undyed,160,1.43,0.2174,1.0833,0.1793,0,0.1826,1.4452,0
Tuck Sleeveless Blouse,Blouse,XL,1.2,A,Yes,No,Undyed,160,1.56,0.2371,1.1815,0.1956,0,0.1992,1.5763,0
Two Tone Shortsleeve Dress (Pre-order)',Dress,M,1.0,A,Yes,No,Undyed,160,1.8,0.2736,1.3633,0.2257,0,0.2298,1.8188,0
Two Tone Shortsleeve Dress (Pre-order)',Dress,L,1.1,A,Yes,No,Undyed,160,1.98,0.301,1.4999,0.2483,0,0.2528,2.0010,0
Two Tone Shortsleeve Dress (Pre-order)',Dress,XL,1.2,A,Yes,No,Undyed,160,2.16,0.3283,1.6359,0.2708,0,0.2758,2.1825,0
Roundneck Sleeveless Dress (Pre-order)',Dress,M,1.0,A,Yes,No,Undyed,160,1.8,0.2736,1.3633,0.2257,0,0.2298,1.8188,0
Roundneck Sleeveless Dress (Pre-order)',Dress,L,1.1,A,Yes,No,Undyed,160,1.98,0.301,1.4999,0.2483,0,0.2528,2.0010,0
Roundneck Sleeveless Dress (Pre-order)',Dress,XL,1.2,A,Yes,No,Undyed,160,2.16,0.3283,1.6359,0.2708,0,0.2758,2.1825,0
V Neck Balloon Blouse (Plain) in Natural White,Blouse,M,1.0,A,Yes,No,Undyed,160,1.3,0.1976,0.9846,0.163,0,0.166,1.3136,0
V Neck Balloon Blouse (Plain) in Natural White,Blouse,L,1.1,A,Yes,No,Undyed,160,1.43,0.2174,1.0833,0.1793,0,0.1826,1.4452,0
Handkerchief,Handkerchief,F,1.0,A,No,No,Undyed,100,0.3,0.0285,0.1420,0.0235,0,0,0.1655,0
Sakon Nakhon Minimalist Indigo Stripe,Scarf,F,1.0,A,No,Yes,Indigo,100,0.9,0.0855,0.4260,0.0705,0.00035,0,0.4969,0
Cropped Tank Tops in  Ebony Brown,Tank Top,M,1.0,A,Yes,Yes,Ebony,100,0.6,0.057,0.2840,0.047,0.00024,0.0479,0.3791,0
Cropped Tank Tops in  Ebony Brown,Tank Top,L,1.1,A,Yes,Yes,Ebony,100,0.66,0.0627,0.3124,0.0517,0.00026,0.0527,0.4171,0
Cropped Tank Tops in  Ebony Brown,Tank Top,XL,1.2,A,Yes,Yes,Ebony,100,0.72,0.0684,0.3408,0.0564,0.00028,0.0575,0.4550,0
Wide Trousers (Pre-order)',Trousers,M,1.0,A,Yes,No,Undyed,160,2.8,0.4256,2.1208,0.3511,0,0.3575,2.8294,0
Wide Trousers (Pre-order)',Trousers,L,1.1,A,Yes,No,Undyed,160,3.08,0.4682,2.3330,0.3862,0,0.3933,3.1125,0
Two-way Dress (Pre-order)',Dress,S,0.88,A,Yes,No,Undyed,160,1.584,0.2408,1.1999,0.1986,0,0.2023,1.6008,0
Two-way Dress (Pre-order)',Dress,M,1.0,A,Yes,No,Undyed,160,1.8,0.2736,1.3633,0.2257,0,0.2298,1.8188,0
Two-way Dress (Pre-order)',Dress,L,1.1,A,Yes,No,Undyed,160,1.98,0.301,1.4999,0.2483,0,0.2528,2.0010,0
Side Single Pleat Skirt (Pre-order)',Skirt,S,0.88,A,Yes,No,Undyed,160,1.232,0.1873,0.9333,0.1545,0,0.1573,1.2451,0
Side Single Pleat Skirt (Pre-order)',Skirt,M,1.0,A,Yes,No,Undyed,160,1.4,0.2128,1.0604,0.1755,0,0.1788,1.4147,0
Side Single Pleat Skirt (Pre-order)',Skirt,L,1.1,A,Yes,No,Undyed,160,1.54,0.2341,1.1665,0.1931,0,0.1966,1.5562,0
Side Single Pleat Skirt (Pre-order)',Skirt,XL,1.2,A,Yes,No,Undyed,160,1.68,0.2554,1.2727,0.2107,0,0.2145,1.6979,0
Signature Trousers in Ebony Brown,Trousers,S,0.88,A,Yes,Yes,Ebony,160,2.464,0.3745,1.8661,0.3089,0.00155,0.3146,2.4912,0
Signature Trousers in Ebony Brown,Trousers,M,1.0,A,Yes,Yes,Ebony,160,2.8,0.4256,2.1208,0.3511,0.00176,0.3575,2.8312,0
Signature Trousers in Ebony Brown,Trousers,L,1.1,A,Yes,Yes,Ebony,160,3.08,0.4682,2.3330,0.3862,0.00193,0.3933,3.1144,0
Folkcharm Journey,Bagcharm,F,1.0,A,Yes,No,Undyed (assumed),160,0.12,0.0182,0.0909,0.0150,0,0.0153,0.1213,0
Coasters,Accessory,F,1.0,A,No,No,Undyed (assumed),160,0.12,0.0182,0.0909,0.0150,0,0.0000,0.1059,0
Tote to the Future (M) with Zipper,Shopping Bag,F,1.0,A,Yes,No,Undyed (assumed),160,0.9,0.1368,0.6817,0.1128,0,0.1149,0.9094,0
Khunloei's Doll,Bagcharm,F,1.0,A,Yes,No,Undyed (assumed),160,0.12,0.0182,0.0909,0.0150,0,0.0153,0.1213,0
Seaweed & Onigiri / Hotate Phone Pouch *New Click to more*,Pouch,F,1.0,A,Yes,No,Undyed (assumed),160,0.35,0.0532,0.2651,0.0439,0,0.0447,0.3537,0
LoomFolio Crossbody Bag,Shopping Bag,F,1.0,A,Yes,No,Undyed (assumed),160,0.9,0.1368,0.6817,0.1128,0,0.1149,0.9094,0
Seaweed & Onigiri / Hotate Phone Pouch,Pouch,F,1.0,A,Yes,No,Undyed (assumed),160,0.35,0.0532,0.2651,0.0439,0,0.0447,0.3537,0
Tote to the Future (L) with Zipper,Shopping Bag,F,1.0,A,Yes,No,Undyed (assumed),160,0.9,0.1368,0.6817,0.1128,0,0.1149,0.9094,0
Cross-body Bag,Shopping Bag,F,1.0,A,Yes,No,Undyed (assumed),160,0.9,0.1368,0.6817,0.1128,0,0.1149,0.9094,0
Tidy Ties (Piece),Accessory,F,1.0,A,Yes,No,Undyed (assumed),100,0.03,0.0029,0.0142,0.0024,0,0.0024,0.0189,0
Drawstring Bag,Bagcharm,F,1.0,A,Yes,No,Undyed (assumed),160,0.12,0.0182,0.0909,0.0150,0,0.0153,0.1213,0
Card Holder,Bagcharm,F,1.0,A,Yes,No,Undyed (assumed),160,0.12,0.0182,0.0909,0.0150,0,0.0153,0.1213,0
Tidy Ties,Bagcharm,F,1.0,A,Yes,No,Undyed (assumed),100,0.06,0.0057,0.0284,0.0047,0,0.0048,0.0379,0
Tote to the Future (M),Shopping Bag,F,1.0,A,Yes,No,Undyed (assumed),160,0.9,0.1368,0.6817,0.1128,0,0.1149,0.9094,0
Tote to the Future (L),Shopping Bag,F,1.0,A,Yes,No,Undyed (assumed),160,0.9,0.1368,0.6817,0.1128,0,0.1149,0.9094,0
Hair Band,Scrunchy,F,1.0,A,Yes,No,Undyed (assumed),100,0.1,0.0095,0.0473,0.0078,0,0.0080,0.0632,0
Placemat,Accessory,F,1.0,A,No,No,Undyed (assumed),160,0.6,0.0912,0.4544,0.0752,0,0.0000,0.5296,0
Scrunchy (Plain),Scrunchy,F,1.0,A,Yes,No,Undyed (assumed),100,0.08,0.0076,0.0379,0.0063,0,0.0064,0.0505,0
Scrunchy (w/Bow),Scrunchy,F,1.0,A,Yes,No,Undyed (assumed),100,0.1,0.0095,0.0473,0.0078,0,0.0080,0.0632,0
Key Holder (S),Key Holder,F,1.0,A,Yes,No,Undyed (assumed),160,0.05,0.0076,0.0379,0.0063,0,0.0064,0.0505,0
Cotton Flower Bagcharm,Bagcharm,F,1.0,A,Yes,No,Undyed (assumed),160,0.12,0.0182,0.0909,0.0150,0,0.0153,0.1213,0
